Station,Name,CRS Code
ABBEY WOOD,Abbey Wood,ABW
ABER,Aber,ABE
ABERCYNON,Abercynon,ACY
ABERDARE,Aberdare,ABA
ABERDEEN,Aberdeen,ABD
ABERDOUR,Aberdour,AUR
ABERDOVEY,Aberdovey,AVY
ABERERCH,Abererch,ABH
ABERGAVENNY,Abergavenny,AGV
ABERGELE & PENSARN,Abergele & Pensarn,AGL
ABERYSTWYTH,Aberystwyth,AYW
ACCRINGTON,Accrington,ACR
ACHANALT,Achanalt,AAT
ACHNASHEEN,Achnasheen,ACN
ACHNASHELLACH,Achnashellach,ACH
ACKLINGTON,Acklington,ACK
ACLE,Acle,ACL
ACOCKS GREEN,Acocks Green,ACG
ACTON BRIDGE (CHESHIRE),Acton Bridge (Cheshire),ACB
ACTON CENTRAL,Acton Central,ACC
ACTON MAIN LINE,Acton Main Line,AML
ADDERLEY PARK,Adderley Park,ADD
ADDIEWELL,Addiewell,ADW
ADDLESTONE,Addlestone,ASN
ADISHAM,Adisham,ADM
ADLINGTON (CHESHIRE),Adlington (Cheshire),ADC
ADLINGTON (LANCS),Adlington (Lancs),ADL
ADWICK,Adwick,AWK
AIGBURTH,Aigburth,AIG
AINSDALE,Ainsdale,ANS
AINTREE,Aintree,AIN
AIRBLES,Airbles,AIR
AIRDRIE,Airdrie,ADR
ALBANY PARK,Albany Park,AYP
ALBRIGHTON,Albrighton,ALB
ALDERLEY EDGE,Alderley Edge,ALD
ALDERMASTON,Aldermaston,AMT
ALDERSHOT,Aldershot,AHT
ALDRINGTON,Aldrington,AGT
ALEXANDRA PALACE,Alexandra Palace,AAP
ALEXANDRA PARADE,Alexandra Parade,AXP
ALEXANDRIA,Alexandria,ALX
ALFRETON,Alfreton,ALF
ALLENS WEST,Allens West,ALW
ALLOA,Alloa,ALO
ALNESS,Alness,ASS
ALNMOUTH,Alnmouth,ALM
ALRESFORD (ESSEX),Alresford (Essex),ALR
ALSAGER,Alsager,ASG
ALTHORNE (ESSEX),Althorne (Essex),ALN
ALTHORPE,Althorpe,ALP
ALTNABREAC,Altnabreac,ABC
ALTON,Alton,AON
ALTRINCHAM,Altrincham,ALT
ALVECHURCH,Alvechurch,ALV
AMBERGATE,Ambergate,AMB
AMBERLEY,Amberley,AMY
AMERSHAM,Amersham,AMR
AMMANFORD,Ammanford,AMF
ANCASTER,Ancaster,ANC
ANDERSTON,Anderston,AND
ANDOVER,Andover,ADV
ANERLEY,Anerley,ANZ
ANGMERING,Angmering,ANG
ANNAN,Annan,ANN
ANNIESLAND,Anniesland,ANL
ANSDELL & FAIRHAVEN,Ansdell & Fairhaven,AFV
APPERLEY BRIDGE,Apperley Bridge,APY
APPLEBY,Appleby,APP
APPLEDORE (KENT),Appledore (Kent),APD
APPLEFORD,Appleford,APF
APPLEY BRIDGE,Appley Bridge,APB
APSLEY,Apsley,APS
ARBROATH,Arbroath,ARB
ARDGAY,Ardgay,ARD
ARDLUI,Ardlui,AUI
ARDROSSAN HARBOUR,Ardrossan Harbour,ADS
ARDROSSAN SOUTH BEACH,Ardrossan South Beach,ASB
ARDROSSAN TOWN,Ardrossan Town,ADN
ARDWICK,Ardwick,ADK
ARGYLE STREET,Argyle Street,AGS
ARISAIG,Arisaig,ARG
ARLESEY,Arlesey,ARL
ARMADALE (WEST LOTHIAN),Armadale (West Lothian),ARM
ARMATHWAITE,Armathwaite,AWT
ARNSIDE,Arnside,ARN
ARRAM,Arram,ARR
ARROCHAR & TARBET,Arrochar & Tarbet,ART
ARUNDEL,Arundel,ARU
ASCOT (BERKS),Ascot (Berks),ACT
ASCOTT-UNDER-WYCHWOOD,Ascott-under-Wychwood,AUW
ASH,Ash,ASH
ASH VALE,Ash Vale,AHV
ASHBURYS,Ashburys,ABY
ASHCHURCH FOR TEWKESBURY,Ashchurch for Tewkesbury,ASC
ASHFIELD,Ashfield,ASF
ASHFORD (SURREY),Ashford (Surrey),AFS
ASHFORD INTERNATIONAL,Ashford International,AFK
ASHFORD INTERNATIONAL (EUROSTAR),Ashford International (Eurostar),ASI
ASHLEY,Ashley,ASY
ASHTEAD,Ashtead,AHD
ASHTON-UNDER-LYNE,Ashton-under-Lyne,AHN
ASHURST (KENT),Ashurst (Kent),AHS
ASHURST NEW FOREST,Ashurst New Forest,ANF
ASHWELL & MORDEN,Ashwell & Morden,AWM
ASKAM,Askam,ASK
ASLOCKTON,Aslockton,ALK
ASPATRIA,Aspatria,ASP
ASPLEY GUISE,Aspley Guise,APG
ASTON,Aston,AST
ATHERSTONE,Atherstone,ATH
ATHERTON,Atherton,ATN
ATTADALE,Attadale,ATT
ATTENBOROUGH,Attenborough,ATB
ATTLEBOROUGH,Attleborough,ATL
AUCHINLECK,Auchinleck,AUK
AUDLEY END,Audley End,AUD
AUGHTON PARK,Aughton Park,AUG
AVIEMORE,Aviemore,AVM
AVONCLIFF,Avoncliff,AVF
AVONMOUTH,Avonmouth,AVN
AXMINSTER,Axminster,AXM
AYLESBURY,Aylesbury,AYS
AYLESBURY VALE PARKWAY,Aylesbury Vale Parkway,AVP
AYLESFORD,Aylesford,AYL
AYLESHAM,Aylesham,AYH
AYR,Ayr,AYR
BACHE,Bache,BAC
BAGLAN,Baglan,BAJ
BAGSHOT,Bagshot,BAG
BAILDON,Baildon,BLD
BAILLIESTON,Baillieston,BIO
BALCOMBE,Balcombe,BAB
BALDOCK,Baldock,BDK
BALHAM,Balham,BAL
BALLOCH,Balloch,BHC
BALMOSSIE,Balmossie,BSI
BAMBER BRIDGE,Bamber Bridge,BMB
BAMFORD,Bamford,BAM
BANAVIE,Banavie,BNV
BANBURY,Banbury,BAN
BANGOR (GWYNEDD),Bangor (Gwynedd),BNG
BANK HALL,Bank Hall,BAH
BANSTEAD,Banstead,BAD
BARASSIE,Barassie,BSS
BARBICAN,Barbican,ZBB
BARDON MILL,Bardon Mill,BLL
BARE LANE,Bare Lane,BAR
BARGEDDIE,Bargeddie,BGI
BARGOED,Bargoed,BGD
BARKING,Barking,BKG
BARLASTON,Barlaston,BRT
BARMING,Barming,BMG
BARMOUTH,Barmouth,BRM
BARNEHURST,Barnehurst,BNH
BARNES,Barnes,BNS
BARNES BRIDGE,Barnes Bridge,BNI
BARNETBY,Barnetby,BTB
BARNHAM,Barnham,BAA
BARNHILL,Barnhill,BNL
BARNSLEY,Barnsley,BNY
BARNSTAPLE,Barnstaple,BNP
BARNT GREEN,Barnt Green,BTG
BARRHEAD,Barrhead,BRR
BARRHILL,Barrhill,BRL
BARROW HAVEN,Barrow Haven,BAV
BARROW-IN-FURNESS,Barrow-in-Furness,BIF
BARROW-UPON-SOAR,Barrow-Upon-Soar,BWS
BARRY,Barry,BRY
BARRY DOCKS,Barry Docks,BYD
BARRY ISLAND,Barry Island,BYI
BARRY LINKS,Barry Links,BYL
BARTON-ON-HUMBER,Barton-on-Humber,BAU
BASILDON,Basildon,BSO
BASINGSTOKE,Basingstoke,BSK
BAT & BALL,Bat & Ball,BBL
BATH SPA,Bath Spa,BTH
BATHGATE,Bathgate,BHG
BATLEY,Batley,BTL
BATTERSBY,Battersby,BTT
BATTERSEA PARK,Battersea Park,BAK
BATTLE,Battle,BAT
BATTLESBRIDGE,Battlesbridge,BLB
BAYFORD,Bayford,BAY
BEACONSFIELD,Beaconsfield,BCF
BEARLEY,Bearley,BER
BEARSDEN,Bearsden,BRN
BEARSTED,Bearsted,BSD
BEASDALE,Beasdale,BSL
BEAULIEU ROAD,Beaulieu Road,BEU
BEAULY,Beauly,BEL
BEBINGTON,Bebington,BEB
BECCLES,Beccles,BCC
BECKENHAM HILL,Beckenham Hill,BEC
BECKENHAM JUNCTION,Beckenham Junction,BKJ
BEDFORD,Bedford,BDM
BEDFORD ST JOHNS,Bedford St Johns,BSJ
BEDHAMPTON,Bedhampton,BDH
BEDMINSTER,Bedminster,BMT
BEDWORTH,Bedworth,BEH
BEDWYN,Bedwyn,BDW
BEESTON,Beeston,BEE
BEKESBOURNE,Bekesbourne,BKS
BELLE VUE,Belle Vue,BLV
BELLGROVE,Bellgrove,BLG
BELLINGHAM,Bellingham,BGM
BELLSHILL,Bellshill,BLH
BELMONT,Belmont,BLM
BELPER,Belper,BLP
BELTRING,Beltring,BEG
BELVEDERE,Belvedere,BVD
BEMPTON,Bempton,BEM
BEN RHYDDING,Ben Rhydding,BEY
BENFLEET,Benfleet,BEF
BENTHAM,Bentham,BEN
BENTLEY (HANTS),Bentley (Hants),BTY
BENTLEY (SOUTH YORKS),Bentley (South Yorks),BYK
BERE ALSTON,Bere Alston,BAS
BERE FERRERS,Bere Ferrers,BFE
BERKHAMSTED,Berkhamsted,BKM
BERKSWELL,Berkswell,BKW
BERMUDA PARK,Bermuda Park,BEP
BERNEY ARMS,Berney Arms,BYA
BERRY BROW,Berry Brow,BBW
BERRYLANDS,Berrylands,BRS
BERWICK (SUSSEX),Berwick (Sussex),BRK
BERWICK-UPON-TWEED,Berwick-upon-Tweed,BWK
BESCAR LANE,Bescar Lane,BES
BESCOT STADIUM,Bescot Stadium,BSC
BETCHWORTH,Betchworth,BTO
BETHNAL GREEN,Bethnal Green,BET
BETWS-Y-COED,Betws-y-Coed,BYC
BEVERLEY,Beverley,BEV
BEXHILL,Bexhill,BEX
BEXLEY,Bexley,BXY
BEXLEYHEATH,Bexleyheath,BXH
BICESTER NORTH,Bicester North,BCS
BICESTER VILLAGE,Bicester Village,BIT
BICKLEY,Bickley,BKL
BIDSTON,Bidston,BID
BIGGLESWADE,Biggleswade,BIW
BILBROOK,Bilbrook,BBK
BILLERICAY,Billericay,BIC
BILLINGHAM (CLEVELAND),Billingham (Cleveland),BIL
BILLINGSHURST,Billingshurst,BIG
BINGHAM,Bingham,BIN
BINGLEY,Bingley,BIY
BIRCHGROVE,Birchgrove,BCG
BIRCHINGTON-ON-SEA,Birchington-on-sea,BCH
BIRCHWOOD,Birchwood,BWD
BIRKBECK,Birkbeck,BIK
BIRKDALE,Birkdale,BDL
BIRKENHEAD CENTRAL,Birkenhead Central,BKC
BIRKENHEAD HAMILTON SQUARE,Birkenhead Hamilton Square,BKQ
BIRKENHEAD NORTH,Birkenhead North,BKN
BIRKENHEAD PARK,Birkenhead Park,BKP
BIRMINGHAM INTERNATIONAL,Birmingham International,BHI
BIRMINGHAM MOOR STREET,Birmingham Moor Street,BMO
BIRMINGHAM NEW STREET,Birmingham New Street,BHM
BIRMINGHAM SNOW HILL,Birmingham Snow Hill,BSW
BISHOP AUCKLAND,Bishop Auckland,BIA
BISHOPBRIGGS,Bishopbriggs,BBG
BISHOPS STORTFORD,Bishops Stortford,BIS
BISHOPSTONE (SUSSEX),Bishopstone (Sussex),BIP
BISHOPTON (STRATHCLYDE),Bishopton (Strathclyde),BPT
BITTERNE,Bitterne,BTE
BLACKBURN,Blackburn,BBN
BLACKHEATH,Blackheath,BKH
BLACKHORSE ROAD,Blackhorse Road,BHO
BLACKPOOL NORTH,Blackpool North,BPN
BLACKPOOL PLEASURE BEACH,Blackpool Pleasure Beach,BPB
BLACKPOOL SOUTH,Blackpool South,BPS
BLACKRIDGE,Blackridge,BKR
BLACKROD,Blackrod,BLK
BLACKWATER,Blackwater,BAW
BLAENAU FFESTINIOG,Blaenau Ffestiniog,BFF
BLAIR ATHOLL,Blair Atholl,BLA
BLAIRHILL,Blairhill,BAI
BLAKE STREET,Blake Street,BKT
BLAKEDOWN,Blakedown,BKD
BLANTYRE,Blantyre,BLT
BLAYDON,Blaydon,BLO
BLEASBY,Bleasby,BSB
BLETCHLEY,Bletchley,BLY
BLOXWICH,Bloxwich,BLX
BLOXWICH NORTH,Bloxwich North,BWN
BLUNDELLSANDS & CROSBY,Blundellsands & Crosby,BLN
BLYTHE BRIDGE,Blythe Bridge,BYB
BODMIN PARKWAY,Bodmin Parkway,BOD
BODORGAN,Bodorgan,BOR
BOGNOR REGIS,Bognor Regis,BOG
BOGSTON,Bogston,BGS
BOLTON,Bolton,BON
BOLTON-UPON-DEARNE,Bolton-Upon-Dearne,BTD
BOOKHAM,Bookham,BKA
BOOTLE (CUMBRIA),Bootle (Cumbria),BOC
BOOTLE NEW STRAND,Bootle New Strand,BNW
BOOTLE ORIEL ROAD,Bootle Oriel Road,BOT
BORDESLEY,Bordesley,BBS
BOROUGH GREEN & WROTHAM,Borough Green & Wrotham,BRG
BORTH,Borth,BRH
BOSHAM,Bosham,BOH
BOSTON,Boston,BSN
BOTLEY,Botley,BOE
BOTTESFORD,Bottesford,BTF
BOURNE END,Bourne End,BNE
BOURNEMOUTH,Bournemouth,BMH
BOURNVILLE,Bournville,BRV
BOW BRICKHILL,Bow Brickhill,BWB
BOWES PARK,Bowes Park,BOP
BOWLING,Bowling,BWG
BOX HILL & WESTHUMBLE,Box Hill & Westhumble,BXW
BRACKNELL,Bracknell,BCE
BRADFORD FORSTER SQUARE,Bradford Forster Square,BDQ
BRADFORD INTERCHANGE,Bradford Interchange,BDI
BRADFORD-ON-AVON,Bradford-on-Avon,BOA
BRADING,Brading,BDN
BRAINTREE,Braintree,BTR
BRAINTREE FREEPORT,Braintree Freeport,BTP
BRAMHALL,Bramhall,BML
BRAMLEY (HANTS),Bramley (Hants),BMY
BRAMLEY (W YORKS),Bramley (W Yorks),BLE
BRAMPTON (CUMBRIA),Brampton (Cumbria),BMP
BRAMPTON (SUFFOLK),Brampton (Suffolk),BRP
BRANCHTON,Branchton,BCN
BRANDON,Brandon,BND
BRANKSOME,Branksome,BSM
BRAYSTONES (CUMBRIA),Braystones (Cumbria),BYS
BREDBURY,Bredbury,BDY
BREICH,Breich,BRC
BRENTFORD,Brentford,BFD
BRENTWOOD,Brentwood,BRE
BRICKET WOOD,Bricket Wood,BWO
BRIDGE OF ALLAN,Bridge of Allan,BEA
BRIDGE OF ORCHY,Bridge of Orchy,BRO
BRIDGEND,Bridgend,BGN
BRIDGETON,Bridgeton,BDG
BRIDGWATER,Bridgwater,BWT
BRIDLINGTON,Bridlington,BDT
BRIERFIELD,Brierfield,BRF
BRIGG,Brigg,BGG
BRIGHOUSE,Brighouse,BGH
BRIGHTON (EAST SUSSEX),Brighton (East Sussex),BTN
BRIMSDOWN,Brimsdown,BMD
BRINNINGTON,Brinnington,BNT
BRISTOL PARKWAY,Bristol Parkway,BPW
BRISTOL TEMPLE MEADS,Bristol Temple Meads,BRI
BRITHDIR,Brithdir,BHD
BRITON FERRY,Briton Ferry,BNF
BRIXTON,Brixton,BRX
BROAD GREEN,Broad Green,BGE
BROADBOTTOM,Broadbottom,BDB
BROADSTAIRS,Broadstairs,BSR
BROCKENHURST,Brockenhurst,BCU
BROCKHOLES,Brockholes,BHS
BROCKLEY,Brockley,BCY
BROMBOROUGH,Bromborough,BOM
BROMBOROUGH RAKE,Bromborough Rake,BMR
BROMLEY CROSS (LANCS),Bromley Cross (Lancs),BMC
BROMLEY NORTH,Bromley North,BMN
BROMLEY SOUTH,Bromley South,BMS
BROMSGROVE,Bromsgrove,BMV
BRONDESBURY,Brondesbury,BSY
BRONDESBURY PARK,Brondesbury Park,BSP
BROOKMANS PARK,Brookmans Park,BPK
BROOKWOOD,Brookwood,BKO
BROOME,Broome,BME
BROOMFLEET,Broomfleet,BMF
BRORA,Brora,BRA
BROUGH,Brough,BUH
BROUGHTY FERRY,Broughty Ferry,BYF
BROXBOURNE,Broxbourne,BXB
BRUCE GROVE,Bruce Grove,BCV
BRUNDALL,Brundall,BDA
BRUNDALL GARDENS,Brundall Gardens,BGA
BRUNSTANE,Brunstane,BSU
BRUNSWICK,Brunswick,BRW
BRUTON,Bruton,BRU
BRYN,Bryn,BYN
BUCKENHAM (NORFOLK),Buckenham (Norfolk),BUC
BUCKLEY,Buckley,BCK
BUCKNELL,Bucknell,BUK
BUCKSHAW PARKWAY,Buckshaw Parkway,BSV
BUGLE,Bugle,BGL
BUILTH ROAD,Builth Road,BHR
BULWELL,Bulwell,BLW
BURES,Bures,BUE
BURGESS HILL,Burgess Hill,BUG
BURLEY PARK,Burley Park,BUY
BURLEY-IN-WHARFEDALE,Burley-in-Wharfedale,BUW
BURNAGE,Burnage,BNA
BURNESIDE (CUMBRIA),Burneside (Cumbria),BUD
BURNHAM (BUCKS),Burnham (Bucks),BNM
BURNHAM-ON-CROUCH,Burnham-on-Crouch,BUU
BURNLEY BARRACKS,Burnley Barracks,BUB
BURNLEY CENTRAL,Burnley Central,BNC
BURNLEY MANCHESTER ROAD,Burnley Manchester Road,BYM
BURNSIDE (STRATHCLYDE),Burnside (Strathclyde),BUI
BURNTISLAND,Burntisland,BTS
BURSCOUGH BRIDGE,Burscough Bridge,BCB
BURSCOUGH JUNCTION,Burscough Junction,BCJ
BURSLEDON,Bursledon,BUO
BURTON JOYCE,Burton Joyce,BUJ
BURTON-ON-TRENT,Burton-on-Trent,BUT
BURY ST EDMUNDS,Bury St Edmunds,BSE
BUSBY,Busby,BUS
BUSH HILL PARK,Bush Hill Park,BHK
BUSHEY,Bushey,BSH
BUTLERS LANE,Butlers Lane,BUL
BUXTED,Buxted,BXD
BUXTON,Buxton,BUX
BYFLEET & NEW HAW,Byfleet & New Haw,BFN
BYNEA,Bynea,BYE
CADOXTON,Cadoxton,CAD
CAERGWRLE,Caergwrle,CGW
CAERPHILLY,Caerphilly,CPH
CAERSWS,Caersws,CWS
CALDERCRUIX,Caldercruix,CAC
CALDICOT,Caldicot,CDT
CALEDONIAN RD & BARNSBURY,Caledonian Rd & Barnsbury,CIR
CALSTOCK,Calstock,CSK
CAM & DURSLEY,Cam & Dursley,CDU
CAMBERLEY,Camberley,CAM
CAMBORNE,Camborne,CBN
CAMBRIDGE,Cambridge,CBG
CAMBRIDGE HEATH,Cambridge Heath,CBH
CAMBRIDGE NORTH,Cambridge North,CMB
CAMBUSLANG,Cambuslang,CBL
CAMDEN ROAD,Camden Road,CMD
CAMELON,Camelon,CMO
CANADA WATER,Canada Water,ZCW
CANLEY,Canley,CNL
CANNOCK,Cannock,CAO
CANONBURY,Canonbury,CNN
CANTERBURY EAST,Canterbury East,CBE
CANTERBURY WEST,Canterbury West,CBW
CANTLEY,Cantley,CNY
CAPENHURST,Capenhurst,CPU
CARBIS BAY,Carbis Bay,CBB
CARDENDEN,Cardenden,CDD
CARDIFF BAY,Cardiff Bay,CDB
CARDIFF CENTRAL,Cardiff Central,CDF
CARDIFF QUEEN STREET,Cardiff Queen Street,CDQ
CARDONALD,Cardonald,CDO
CARDROSS,Cardross,CDR
CARFIN,Carfin,CRF
CARK & CARTMEL,Cark & Cartmel,CAK
CARLISLE,Carlisle,CAR
CARLTON,Carlton,CTO
CARLUKE,Carluke,CLU
CARMARTHEN,Carmarthen,CMN
CARMYLE,Carmyle,CML
CARNFORTH,Carnforth,CNF
CARNOUSTIE,Carnoustie,CAN
CARNTYNE,Carntyne,CAY
CARPENDERS PARK,Carpenders Park,CPK
CARRBRIDGE,Carrbridge,CAG
CARSHALTON,Carshalton,CSH
CARSHALTON BEECHES,Carshalton Beeches,CSB
CARSTAIRS,Carstairs,CRS
CARTSDYKE,Cartsdyke,CDY
CASTLE BAR PARK,Castle Bar Park,CBP
CASTLE CARY,Castle Cary,CLC
CASTLEFORD,Castleford,CFD
CASTLETON (MANCHESTER),Castleton (Manchester),CAS
CASTLETON MOOR,Castleton Moor,CSM
CATERHAM,Caterham,CAT
CATFORD,Catford,CTF
CATFORD BRIDGE,Catford Bridge,CFB
CATHAYS,Cathays,CYS
CATHCART,Cathcart,CCT
CATTAL,Cattal,CTL
CAUSELAND,Causeland,CAU
CEFN-Y-BEDD,Cefn-y-Bedd,CYB
CHADWELL HEATH,Chadwell Heath,CTH
CHAFFORD HUNDRED LAKESIDE,Chafford Hundred Lakeside,CFH
CHALFONT & LATIMER,Chalfont & Latimer,CFO
CHALKWELL,Chalkwell,CHW
CHANDLERS FORD,Chandlers Ford,CFR
CHAPEL-EN-LE-FRITH,Chapel-en-le-Frith,CEF
CHAPELTON (DEVON),Chapelton (Devon),CPN
CHAPELTOWN (SOUTH YORKS),Chapeltown (South Yorks),CLN
CHAPPEL & WAKES COLNE,Chappel & Wakes Colne,CWC
CHARING (KENT),Charing (Kent),CHG
CHARING CROSS (GLASGOW),Charing Cross (Glasgow),CHC
CHARLBURY,Charlbury,CBY
CHARLTON,Charlton,CTN
CHARTHAM,Chartham,CRT
CHASSEN ROAD,Chassen Road,CSR
CHATELHERAULT,Chatelherault,CTE
CHATHAM,Chatham,CTM
CHATHILL,Chathill,CHT
CHEADLE HULME,Cheadle Hulme,CHU
CHEAM,Cheam,CHE
CHEDDINGTON,Cheddington,CED
CHELFORD (CHESHIRE),Chelford (Cheshire),CEL
CHELMSFORD,Chelmsford,CHM
CHELSFIELD,Chelsfield,CLD
CHELTENHAM SPA,Cheltenham Spa,CNM
CHEPSTOW,Chepstow,CPW
CHERRY TREE,Cherry Tree,CYT
CHERTSEY,Chertsey,CHY
CHESHUNT,Cheshunt,CHN
CHESSINGTON NORTH,Chessington North,CSN
CHESSINGTON SOUTH,Chessington South,CSS
CHESTER,Chester,CTR
CHESTER ROAD,Chester Road,CRD
CHESTERFIELD,Chesterfield,CHD
CHESTER-LE-STREET,Chester-le-Street,CLS
CHESTFIELD & SWALECLIFFE,Chestfield & Swalecliffe,CSW
CHETNOLE,Chetnole,CNO
CHICHESTER,Chichester,CCH
CHILHAM,Chilham,CIL
CHILWORTH,Chilworth,CHL
CHINGFORD,Chingford,CHI
CHINLEY,Chinley,CLY
CHIPPENHAM,Chippenham,CPM
CHIPSTEAD,Chipstead,CHP
CHIRK,Chirk,CRK
CHISLEHURST,Chislehurst,CIT
CHISWICK,Chiswick,CHK
CHOLSEY,Cholsey,CHO
CHORLEY,Chorley,CRL
CHORLEYWOOD,Chorleywood,CLW
CHRISTCHURCH,Christchurch,CHR
CHRISTS HOSPITAL,Christs Hospital,CHH
CHURCH & OSWALDTWISTLE,Church & Oswaldtwistle,CTW
CHURCH FENTON,Church Fenton,CHF
CHURCH STRETTON,Church Stretton,CTT
CILMERI,Cilmeri,CIM
CITY THAMESLINK,City Thameslink,CTK
CLACTON-ON-SEA,Clacton-on-Sea,CLT
CLANDON,Clandon,CLA
CLAPHAM (NORTH YORKSHIRE),Clapham (North Yorkshire),CPY
CLAPHAM HIGH STREET,Clapham High Street,CLP
CLAPHAM JUNCTION,Clapham Junction,CLJ
CLAPTON,Clapton,CPT
CLARBESTON ROAD,Clarbeston Road,CLR
CLARKSTON,Clarkston,CKS
CLAVERDON,Claverdon,CLV
CLAYGATE,Claygate,CLG
CLEETHORPES,Cleethorpes,CLE
CLELAND,Cleland,CEA
CLIFTON (MANCHESTER),Clifton (Manchester),CLI
CLIFTON DOWN,Clifton Down,CFN
CLITHEROE,Clitheroe,CLH
CLOCK HOUSE,Clock House,CLK
CLUNDERWEN,Clunderwen,CUW
CLYDEBANK,Clydebank,CYK
COATBRIDGE CENTRAL,Coatbridge Central,CBC
COATBRIDGE SUNNYSIDE,Coatbridge Sunnyside,CBS
COATDYKE,Coatdyke,COA
COBHAM & STOKE D'ABERNON,Cobham & Stoke d'Abernon,CSD
CODSALL,Codsall,CSL
COGAN,Cogan,CGN
COLCHESTER,Colchester,COL
COLCHESTER TOWN,Colchester Town,CET
COLESHILL PARKWAY,Coleshill Parkway,CEH
COLLINGHAM,Collingham,CLM
COLLINGTON,Collington,CLL
COLNE,Colne,CNE
COLWALL,Colwall,CWL
COLWYN BAY,Colwyn Bay,CWB
COMBE (OXON),Combe (Oxon),CME
COMMONDALE,Commondale,COM
CONGLETON,Congleton,CNG
CONISBROUGH,Conisbrough,CNS
CONNEL FERRY,Connel Ferry,CON
CONON BRIDGE,Conon Bridge,CBD
CONONLEY,Cononley,CEY
CONWAY PARK,Conway Park,CNP
CONWY,Conwy,CNW
COODEN BEACH,Cooden Beach,COB
COOKHAM,Cookham,COO
COOKSBRIDGE,Cooksbridge,CBR
COOMBE JUNCTION HALT,Coombe Junction Halt,COE
COPPLESTONE,Copplestone,COP
CORBRIDGE,Corbridge,CRB
CORBY,Corby,COR
CORFE CASTLE,Corfe Castle,CFC
CORKERHILL,Corkerhill,CKH
CORKICKLE,Corkickle,CKL
CORPACH,Corpach,CPA
CORROUR,Corrour,CRR
CORYTON,Coryton,COY
COSELEY,Coseley,CSY
COSFORD,Cosford,COS
COSHAM,Cosham,CSA
COTTINGHAM,Cottingham,CGM
COTTINGLEY,Cottingley,COT
COULSDON SOUTH,Coulsdon South,CDS
COULSDON TOWN,Coulsdon Town,CDN
COVENTRY,Coventry,COV
COVENTRY ARENA,Coventry Arena,CAA
COWDEN (KENT),Cowden (Kent),CWN
COWDENBEATH,Cowdenbeath,COW
CRADLEY HEATH,Cradley Heath,CRA
CRAIGENDORAN,Craigendoran,CGD
CRAMLINGTON,Cramlington,CRM
CRANBROOK (DEVON),Cranbrook (Devon),CBK
CRAVEN ARMS,Craven Arms,CRV
CRAWLEY,Crawley,CRW
CRAYFORD,Crayford,CRY
CREDITON,Crediton,CDI
CRESSING (ESSEX),Cressing (Essex),CES
CRESSINGTON,Cressington,CSG
CRESWELL,Creswell,CWD
CREWE,Crewe,CRE
CREWKERNE,Crewkerne,CKN
CREWS HILL,Crews Hill,CWH
CRIANLARICH,Crianlarich,CNR
CRICCIETH,Criccieth,CCC
CRICKLEWOOD,Cricklewood,CRI
CROFTFOOT,Croftfoot,CFF
CROFTON PARK,Crofton Park,CFT
CROMER,Cromer,CMR
CROMFORD,Cromford,CMF
CROOKSTON,Crookston,CKT
CROSS GATES,Cross Gates,CRG
CROSSFLATTS,Crossflatts,CFL
CROSSHILL,Crosshill,COI
CROSSKEYS,Crosskeys,CKY
CROSSMYLOOF,Crossmyloof,CMY
CROSTON,Croston,CSO
CROUCH HILL,Crouch Hill,CRH
CROWBOROUGH,Crowborough,COH
CROWHURST,Crowhurst,CWU
CROWLE,Crowle,CWE
CROWTHORNE,Crowthorne,CRN
CROY,Croy,CRO
CRYSTAL PALACE,Crystal Palace,CYP
CUDDINGTON,Cuddington,CUD
CUFFLEY,Cuffley,CUF
CULHAM,Culham,CUM
CULRAIN,Culrain,CUA
CUMBERNAULD,Cumbernauld,CUB
CUPAR,Cupar,CUP
CURRIEHILL,Curriehill,CUH
CUXTON,Cuxton,CUX
CWMBACH,Cwmbach,CMH
CWMBRAN,Cwmbran,CWM
CYNGHORDY,Cynghordy,CYN
DAGENHAM DOCK,Dagenham Dock,DDK
DAISY HILL,Daisy Hill,DSY
DALGETY BAY,Dalgety Bay,DAG
DALMALLY,Dalmally,DAL
DALMARNOCK,Dalmarnock,DAK
DALMENY,Dalmeny,DAM
DALMUIR,Dalmuir,DMR
DALREOCH,Dalreoch,DLR
DALRY,Dalry,DLY
DALSTON (CUMBRIA),Dalston (Cumbria),DLS
DALSTON JUNCTION,Dalston Junction,DLJ
DALSTON KINGSLAND,Dalston Kingsland,DLK
DALTON (CUMBRIA),Dalton (Cumbria),DLT
DALWHINNIE,Dalwhinnie,DLW
DANBY,Danby,DNY
DANESCOURT,Danescourt,DCT
DANZEY,Danzey,DZY
DARLINGTON,Darlington,DAR
DARNALL,Darnall,DAN
DARSHAM,Darsham,DSM
DARTFORD,Dartford,DFD
DARTON,Darton,DRT
DARWEN,Darwen,DWN
DATCHET,Datchet,DAT
DAVENPORT,Davenport,DVN
DAWLISH,Dawlish,DWL
DAWLISH WARREN,Dawlish Warren,DWW
DEAL,Deal,DEA
DEAN (WILTS),Dean (Wilts),DEN
DEANSGATE,Deansgate,DGT
DEGANWY,Deganwy,DGY
DEIGHTON,Deighton,DHN
DELAMERE,Delamere,DLM
DENBY DALE,Denby Dale,DBD
DENHAM,Denham,DNM
DENHAM GOLF CLUB,Denham Golf Club,DGC
DENMARK HILL,Denmark Hill,DMK
DENT,Dent,DNT
DENTON,Denton,DTN
DEPTFORD,Deptford,DEP
DERBY,Derby,DBY
DERBY ROAD (IPSWICH),Derby Road (Ipswich),DBR
DEVONPORT (DEVON),Devonport (Devon),DPT
DEVONPORT DOCKYARD,Devonport Dockyard,DOC
DEWSBURY,Dewsbury,DEW
DIDCOT PARKWAY,Didcot Parkway,DID
DIGBY & SOWTON,Digby & Sowton,DIG
DILTON MARSH,Dilton Marsh,DMH
DINAS (RHONDDA),Dinas (Rhondda),DMG
DINAS POWYS,Dinas Powys,DNS
DINGLE ROAD,Dingle Road,DGL
DINGWALL,Dingwall,DIN
DINSDALE,Dinsdale,DND
DINTING,Dinting,DTG
DISLEY,Disley,DSL
DISS,Diss,DIS
DODWORTH,Dodworth,DOD
DOLAU,Dolau,DOL
DOLEHAM,Doleham,DLH
DOLGARROG,Dolgarrog,DLG
DOLWYDDELAN,Dolwyddelan,DWD
DONCASTER,Doncaster,DON
DORCHESTER SOUTH,Dorchester South,DCH
DORCHESTER WEST,Dorchester West,DCW
DORE & TOTLEY,Dore & Totley,DOR
DORKING (MAIN),Dorking (Main),DKG
DORKING DEEPDENE,Dorking Deepdene,DPD
DORKING WEST,Dorking West,DKT
DORMANS,Dormans,DMS
DORRIDGE,Dorridge,DDG
DOVE HOLES,Dove Holes,DVH
DOVER PRIORY,Dover Priory,DVP
DOVERCOURT,Dovercourt,DVC
DOVEY JUNCTION,Dovey Junction,DVY
DOWNHAM MARKET,Downham Market,DOW
DRAYTON GREEN,Drayton Green,DRG
DRAYTON PARK,Drayton Park,DYP
DREM,Drem,DRM
DRIFFIELD,Driffield,DRF
DRIGG,Drigg,DRI
DROITWICH SPA,Droitwich Spa,DTW
DRONFIELD,Dronfield,DRO
DRUMCHAPEL,Drumchapel,DMC
DRUMFROCHAR,Drumfrochar,DFR
DRUMGELLOCH,Drumgelloch,DRU
DRUMRY,Drumry,DMY
DUBLIN FERRYPORT,Dublin Ferryport,DFP
DUBLIN PORT - STENA,Dublin Port - Stena,DPS
DUDDESTON,Duddeston,DUD
DUDLEY PORT,Dudley Port,DDP
DUFFIELD,Duffield,DFI
DUIRINISH,Duirinish,DRN
DUKE STREET,Duke Street,DST
DULLINGHAM,Dullingham,DUL
DUMBARTON CENTRAL,Dumbarton Central,DBC
DUMBARTON EAST,Dumbarton East,DBE
DUMBRECK,Dumbreck,DUM
DUMFRIES,Dumfries,DMF
DUMPTON PARK,Dumpton Park,DMP
DUNBAR,Dunbar,DUN
DUNBLANE,Dunblane,DBL
DUNCRAIG,Duncraig,DCG
DUNDEE,Dundee,DEE
DUNFERMLINE QUEEN MARGARET,Dunfermline Queen Margaret,DFL
DUNFERMLINE TOWN,Dunfermline Town,DFE
DUNKELD & BIRNAM,Dunkeld & Birnam,DKD
DUNLOP,Dunlop,DNL
DUNROBIN CASTLE,Dunrobin Castle,DNO
DUNSTON,Dunston,DOT
DUNTON GREEN,Dunton Green,DNG
DURHAM,Durham,DHM
DURRINGTON-ON-SEA,Durrington-on-Sea,DUR
DYCE,Dyce,DYC
DYFFRYN ARDUDWY,Dyffryn Ardudwy,DYF
EAGLESCLIFFE,Eaglescliffe,EAG
EALING BROADWAY,Ealing Broadway,EAL
EARLESTOWN,Earlestown,ERL
EARLEY,Earley,EAR
EARLSFIELD,Earlsfield,EAD
EARLSWOOD (SURREY),Earlswood (Surrey),ELD
EARLSWOOD (WEST MIDLANDS),Earlswood (West Midlands),EWD
EAST CROYDON,East Croydon,ECR
EAST DIDSBURY,East Didsbury,EDY
EAST DULWICH,East Dulwich,EDW
EAST FARLEIGH,East Farleigh,EFL
EAST GARFORTH,East Garforth,EGF
EAST GRINSTEAD,East Grinstead,EGR
EAST KILBRIDE,East Kilbride,EKL
EAST MALLING,East Malling,EML
EAST MIDLANDS PARKWAY,East Midlands Parkway,EMD
EAST TILBURY,East Tilbury,ETL
EAST WORTHING,East Worthing,EWR
EASTBOURNE,Eastbourne,EBN
EASTBROOK,Eastbrook,EBK
EASTERHOUSE,Easterhouse,EST
EASTHAM RAKE,Eastham Rake,ERA
EASTLEIGH,Eastleigh,ESL
EASTRINGTON,Eastrington,EGN
EBBSFLEET INTERNATIONAL,Ebbsfleet International,EBD
EBBW VALE PARKWAY,Ebbw Vale Parkway,EBV
EBBW VALE TOWN,Ebbw Vale Town,EBB
ECCLES (MANCHESTER),Eccles (Manchester),ECC
ECCLES ROAD,Eccles Road,ECS
ECCLESTON PARK,Eccleston Park,ECL
EDALE,Edale,EDL
EDEN PARK,Eden Park,EDN
EDENBRIDGE,Edenbridge,EBR
EDENBRIDGE TOWN,Edenbridge Town,EBT
EDGE HILL,Edge Hill,EDG
EDINBURGH,Edinburgh,EDB
EDINBURGH GATEWAY,Edinburgh Gateway,EGY
EDINBURGH PARK,Edinburgh Park,EDP
EDMONTON GREEN,Edmonton Green,EDR
EFFINGHAM JUNCTION,Effingham Junction,EFF
EGGESFORD,Eggesford,EGG
EGHAM,Egham,EGH
EGTON,Egton,EGT
ELEPHANT & CASTLE,Elephant & Castle,EPH
ELEPHANT & CASTLE (UNDERGROUND),Elephant & Castle (Underground),ZEL
ELGIN,Elgin,ELG
ELLESMERE PORT,Ellesmere Port,ELP
ELMERS END,Elmers End,ELE
ELMSTEAD WOODS,Elmstead Woods,ESD
ELMSWELL,Elmswell,ESW
ELSECAR,Elsecar,ELR
ELSENHAM (ESSEX),Elsenham (Essex),ESM
ELSTREE & BOREHAMWOOD,Elstree & Borehamwood,ELS
ELTHAM,Eltham,ELW
ELTON & ORSTON,Elton & Orston,ELO
ELY,Ely,ELY
EMERSON PARK,Emerson Park,EMP
EMSWORTH,Emsworth,EMS
ENERGLYN & CHURCHILL PARK,Energlyn & Churchill Park,ECP
ENFIELD CHASE,Enfield Chase,ENC
ENFIELD LOCK,Enfield Lock,ENL
ENFIELD TOWN,Enfield Town,ENF
ENTWISTLE,Entwistle,ENT
EPSOM (SURREY),Epsom (Surrey),EPS
EPSOM DOWNS,Epsom Downs,EPD
ERDINGTON,Erdington,ERD
ERIDGE,Eridge,ERI
ERITH,Erith,ERH
ESHER,Esher,ESH
ESKBANK,Eskbank,EKB
ESSEX ROAD,Essex Road,EXR
ETCHINGHAM,Etchingham,ETC
EUXTON BALSHAW LANE,Euxton Balshaw Lane,EBA
EVESHAM,Evesham,EVE
EWELL EAST,Ewell East,EWE
EWELL WEST,Ewell West,EWW
EXETER CENTRAL,Exeter Central,EXC
EXETER ST DAVID'S,Exeter St David's,EXD
EXETER ST THOMAS,Exeter St Thomas,EXT
EXHIBITION CENTRE (GLASGOW),Exhibition Centre (Glasgow),EXG
EXMOUTH,Exmouth,EXM
EXTON,Exton,EXN
EYNSFORD,Eynsford,EYN
FAIRBOURNE,Fairbourne,FRB
FAIRFIELD,Fairfield,FRF
FAIRLIE,Fairlie,FRL
FAIRWATER,Fairwater,FRW
FALCONWOOD,Falconwood,FCN
FALKIRK GRAHAMSTON,Falkirk Grahamston,FKG
FALKIRK HIGH,Falkirk High,FKK
FALLS OF CRUACHAN,Falls of Cruachan,FOC
FALMER,Falmer,FMR
FALMOUTH DOCKS,Falmouth Docks,FAL
FALMOUTH TOWN,Falmouth Town,FMT
FAREHAM,Fareham,FRM
FARNBOROUGH (MAIN),Farnborough (Main),FNB
FARNBOROUGH NORTH,Farnborough North,FNN
FARNCOMBE,Farncombe,FNC
FARNHAM,Farnham,FNH
FARNINGHAM ROAD,Farningham Road,FNR
FARNWORTH,Farnworth,FNW
FARRINGDON,Farringdon,ZFD
FAULDHOUSE,Fauldhouse,FLD
FAVERSHAM,Faversham,FAV
FAYGATE,Faygate,FGT
FAZAKERLEY,Fazakerley,FAZ
FEARN,Fearn,FRN
FEATHERSTONE,Featherstone,FEA
FELIXSTOWE,Felixstowe,FLX
FELTHAM,Feltham,FEL
FENITON,Feniton,FNT
FENNY STRATFORD,Fenny Stratford,FEN
FERNHILL,Fernhill,FER
FERRIBY,Ferriby,FRY
FERRYSIDE,Ferryside,FYS
FFAIRFACH,Ffairfach,FFA
FILEY,Filey,FIL
FILTON ABBEY WOOD,Filton Abbey Wood,FIT
FINCHLEY ROAD & FROGNAL,Finchley Road & Frognal,FNY
FINSBURY PARK,Finsbury Park,FPK
FINSTOCK,Finstock,FIN
FISHBOURNE (SUSSEX),Fishbourne (Sussex),FSB
FISHERSGATE,Fishersgate,FSG
FISHGUARD & GOODWICK,Fishguard & Goodwick,FGW
FISHGUARD HARBOUR,Fishguard Harbour,FGH
FISKERTON,Fiskerton,FSK
FITZWILLIAM,Fitzwilliam,FZW
FIVE WAYS,Five Ways,FWY
FLEET,Fleet,FLE
FLIMBY,Flimby,FLM
FLINT,Flint,FLN
FLITWICK,Flitwick,FLT
FLIXTON,Flixton,FLI
FLOWERY FIELD,Flowery Field,FLF
FOLKESTONE CENTRAL,Folkestone Central,FKC
FOLKESTONE WEST,Folkestone West,FKW
FORD,Ford,FOD
FOREST GATE,Forest Gate,FOG
FOREST HILL,Forest Hill,FOH
FORMBY,Formby,FBY
FORRES,Forres,FOR
FORSINARD,Forsinard,FRS
FORT MATILDA,Fort Matilda,FTM
FORT WILLIAM,Fort William,FTW
FOUR OAKS,Four Oaks,FOK
FOXFIELD,Foxfield,FOX
FOXTON,Foxton,FXN
FRANT,Frant,FRT
FRATTON,Fratton,FTN
FRESHFIELD,Freshfield,FRE
FRESHFORD,Freshford,FFD
FRIMLEY,Frimley,FML
FRINTON-ON-SEA,Frinton-on-Sea,FRI
FRIZINGHALL,Frizinghall,FZH
FRODSHAM,Frodsham,FRD
FROME,Frome,FRO
FULWELL,Fulwell,FLW
FURNESS VALE,Furness Vale,FNV
FURZE PLATT,Furze Platt,FZP
GAINSBOROUGH CENTRAL,Gainsborough Central,GNB
GAINSBOROUGH LEA ROAD,Gainsborough Lea Road,GBL
GALASHIELS,Galashiels,GAL
GARELOCHHEAD,Garelochhead,GCH
GARFORTH,Garforth,GRF
GARGRAVE,Gargrave,GGV
GARROWHILL,Garrowhill,GAR
GARSCADDEN,Garscadden,GRS
GARSDALE,Garsdale,GSD
GARSTON (HERTFORDSHIRE),Garston (Hertfordshire),GSN
GARSWOOD,Garswood,GSW
GARTCOSH,Gartcosh,GRH
GARTH (MID GLAMORGAN),Garth (Mid Glamorgan),GMG
GARTH (POWYS),Garth (Powys),GTH
GARVE,Garve,GVE
GATHURST,Gathurst,GST
GATLEY,Gatley,GTY
GATWICK AIRPORT,Gatwick Airport,GTW
GEORGEMAS JUNCTION,Georgemas Junction,GGJ
GERRARDS CROSS,Gerrards Cross,GER
GIDEA PARK,Gidea Park,GDP
GIFFNOCK,Giffnock,GFN
GIGGLESWICK,Giggleswick,GIG
GILBERDYKE,Gilberdyke,GBD
GILFACH FARGOED,Gilfach Fargoed,GFF
GILLINGHAM (DORSET),Gillingham (Dorset),GIL
GILLINGHAM (KENT),Gillingham (Kent),GLM
GILSHOCHILL,Gilshochill,GSC
GIPSY HILL,Gipsy Hill,GIP
GIRVAN,Girvan,GIR
GLAISDALE,Glaisdale,GLS
GLAN CONWY,Glan Conwy,GCW
GLASGOW CENTRAL,Glasgow Central,GLC
GLASGOW QUEEN STREET,Glasgow Queen Street,GLQ
GLASSHOUGHTON,Glasshoughton,GLH
GLAZEBROOK,Glazebrook,GLZ
GLENEAGLES,Gleneagles,GLE
GLENFINNAN,Glenfinnan,GLF
GLENGARNOCK,Glengarnock,GLG
GLENROTHES WITH THORNTON,Glenrothes with Thornton,GLT
GLOSSOP,Glossop,GLO
GLOUCESTER,Gloucester,GCR
GLYNDE,Glynde,GLY
GOBOWEN,Gobowen,GOB
GODALMING,Godalming,GOD
GODLEY,Godley,GDL
GODSTONE,Godstone,GDN
GOLDTHORPE,Goldthorpe,GOE
GOLF STREET,Golf Street,GOF
GOLSPIE,Golspie,GOL
GOMSHALL,Gomshall,GOM
GOODMAYES,Goodmayes,GMY
GOOLE,Goole,GOO
GOOSTREY,Goostrey,GTR
GORDON HILL,Gordon Hill,GDH
GOREBRIDGE,Gorebridge,GBG
GORING & STREATLEY,Goring & Streatley,GOR
GORING-BY-SEA,Goring-by-Sea,GBS
GORTON,Gorton,GTO
GOSPEL OAK,Gospel Oak,GPO
GOUROCK,Gourock,GRK
GOWERTON,Gowerton,GWN
GOXHILL,Goxhill,GOX
GRANGE PARK,Grange Park,GPK
GRANGE-OVER-SANDS,Grange-Over-Sands,GOS
GRANGETOWN (CARDIFF),Grangetown (Cardiff),GTN
GRANTHAM,Grantham,GRA
GRATELEY,Grateley,GRT
GRAVELLY HILL,Gravelly Hill,GVH
GRAVESEND,Gravesend,GRV
GRAYS,Grays,GRY
GREAT AYTON,Great Ayton,GTA
GREAT BENTLEY,Great Bentley,GRB
GREAT CHESTERFORD,Great Chesterford,GRC
GREAT COATES,Great Coates,GCT
GREAT MALVERN,Great Malvern,GMV
GREAT MISSENDEN,Great Missenden,GMN
GREAT YARMOUTH,Great Yarmouth,GYM
GREEN LANE,Green Lane,GNL
GREEN ROAD,Green Road,GNR
GREENBANK,Greenbank,GBK
GREENFAULDS,Greenfaulds,GRL
GREENFIELD,Greenfield,GNF
GREENFORD,Greenford,GFD
GREENHITHE,Greenhithe,GNH
GREENOCK CENTRAL,Greenock Central,GKC
GREENOCK WEST,Greenock West,GKW
GREENWICH,Greenwich,GNW
GRETNA GREEN,Gretna Green,GEA
GRIMSBY DOCKS,Grimsby Docks,GMD
GRIMSBY TOWN,Grimsby Town,GMB
GRINDLEFORD,Grindleford,GRN
GROSMONT,Grosmont,GMT
GROVE PARK,Grove Park,GRP
GUIDE BRIDGE,Guide Bridge,GUI
GUILDFORD,Guildford,GLD
GUISELEY,Guiseley,GSY
GUNNERSBURY,Gunnersbury,GUN
GUNNISLAKE,Gunnislake,GSL
GUNTON,Gunton,GNT
GWERSYLLT,Gwersyllt,GWE
GYPSY LANE,Gypsy Lane,GYP
HABROUGH,Habrough,HAB
HACKBRIDGE,Hackbridge,HCB
HACKNEY CENTRAL,Hackney Central,HKC
HACKNEY DOWNS,Hackney Downs,HAC
HACKNEY WICK,Hackney Wick,HKW
HADDENHAM & THAME PARKWAY,Haddenham & Thame Parkway,HDM
HADDISCOE,Haddiscoe,HAD
HADFIELD,Hadfield,HDF
HADLEY WOOD,Hadley Wood,HDW
HAG FOLD,Hag Fold,HGF
HAGGERSTON,Haggerston,HGG
HAGLEY,Hagley,HAG
HAIRMYRES,Hairmyres,HMY
HALE (MANCHESTER),Hale (Manchester),HAL
HALESWORTH,Halesworth,HAS
HALEWOOD,Halewood,HED
HALIFAX,Halifax,HFX
HALL GREEN,Hall Green,HLG
HALL ROAD,Hall Road,HLR
HALLING,Halling,HAI
HALL-I'-TH'-WOOD,Hall-i'-th'-Wood,HID
HALTWHISTLE,Haltwhistle,HWH
HAM STREET,Ham Street,HMT
HAMBLE,Hamble,HME
HAMILTON CENTRAL,Hamilton Central,HNC
HAMILTON WEST,Hamilton West,HNW
HAMMERTON,Hammerton,HMM
HAMPDEN PARK (SUSSEX),Hampden Park (Sussex),HMD
HAMPSTEAD HEATH,Hampstead Heath,HDH
HAMPTON (LONDON),Hampton (London),HMP
HAMPTON COURT,Hampton Court,HMC
HAMPTON WICK,Hampton Wick,HMW
HAMPTON-IN-ARDEN,Hampton-in-Arden,HIA
HAMSTEAD (BIRMINGHAM),Hamstead (Birmingham),HSD
HAMWORTHY,Hamworthy,HAM
HANBOROUGH,Hanborough,HND
HANDFORTH,Handforth,HTH
HANWELL,Hanwell,HAN
HAPTON,Hapton,HPN
HARLECH,Harlech,HRL
HARLESDEN,Harlesden,HDN
HARLING ROAD,Harling Road,HRD
HARLINGTON (BEDS),Harlington (Beds),HLN
HARLOW MILL,Harlow Mill,HWM
HARLOW TOWN,Harlow Town,HWN
HAROLD WOOD,Harold Wood,HRO
HARPENDEN,Harpenden,HPD
HARRIETSHAM,Harrietsham,HRM
HARRINGAY,Harringay,HGY
HARRINGAY GREEN LANES,Harringay Green Lanes,HRY
HARRINGTON,Harrington,HRR
HARROGATE,Harrogate,HGT
HARROW & WEALDSTONE,Harrow & Wealdstone,HRW
HARROW-ON-THE-HILL,Harrow-on-the-Hill,HOH
HARTFORD (CHESHIRE),Hartford (Cheshire),HTF
HARTLEBURY,Hartlebury,HBY
HARTLEPOOL,Hartlepool,HPL
HARTWOOD,Hartwood,HTW
HARWICH INTERNATIONAL,Harwich International,HPQ
HARWICH TOWN,Harwich Town,HWC
HASLEMERE,Haslemere,HSL
HASSOCKS,Hassocks,HSK
HASTINGS,Hastings,HGS
HATCH END,Hatch End,HTE
HATFIELD & STAINFORTH,Hatfield & Stainforth,HFS
HATFIELD (HERTS),Hatfield (Herts),HAT
HATFIELD PEVEREL,Hatfield Peverel,HAP
HATHERSAGE,Hathersage,HSG
HATTERSLEY,Hattersley,HTY
HATTON,Hatton,HTN
HAVANT,Havant,HAV
HAVENHOUSE,Havenhouse,HVN
HAVERFORDWEST,Haverfordwest,HVF
HAWARDEN,Hawarden,HWD
HAWARDEN BRIDGE,Hawarden Bridge,HWB
HAWKHEAD,Hawkhead,HKH
HAYDON BRIDGE,Haydon Bridge,HDB
HAYDONS ROAD,Haydons Road,HYR
HAYES & HARLINGTON,Hayes & Harlington,HAY
HAYES (KENT),Hayes (Kent),HYS
HAYLE,Hayle,HYL
HAYMARKET,Haymarket,HYM
HAYWARDS HEATH,Haywards Heath,HHE
HAZEL GROVE,Hazel Grove,HAZ
HEADCORN,Headcorn,HCN
HEADINGLEY,Headingley,HDY
HEADSTONE LANE,Headstone Lane,HDL
HEALD GREEN,Heald Green,HDG
HEALING,Healing,HLI
HEATH HIGH LEVEL,Heath High Level,HHL
HEATH LOW LEVEL,Heath Low Level,HLL
HEATHROW AIRPORT TERMINAL 4,Heathrow Airport Terminal 4,HAF
HEATHROW AIRPORT TERMINAL 5,Heathrow Airport Terminal 5,HWV
"HEATHROW AIRPORT TERMINALS 1, 2 AND 3","Heathrow Airport Terminals 1, 2 and 3",HXX
HEATON CHAPEL,Heaton Chapel,HTC
HEBDEN BRIDGE,Hebden Bridge,HBD
HECKINGTON,Heckington,HEC
HEDGE END,Hedge End,HDE
HEDNESFORD,Hednesford,HNF
HEIGHINGTON,Heighington,HEI
HELENSBURGH CENTRAL,Helensburgh Central,HLC
HELENSBURGH UPPER,Helensburgh Upper,HLU
HELLIFIELD,Hellifield,HLD
HELMSDALE,Helmsdale,HMS
HELSBY,Helsby,HSB
HEMEL HEMPSTEAD,Hemel Hempstead,HML
HENDON,Hendon,HEN
HENGOED,Hengoed,HNG
HENLEY-IN-ARDEN,Henley-in-Arden,HNL
HENLEY-ON-THAMES,Henley-on-Thames,HOT
HENSALL,Hensall,HEL
HEREFORD,Hereford,HFD
HERNE BAY,Herne Bay,HNB
HERNE HILL,Herne Hill,HNH
HERSHAM,Hersham,HER
HERTFORD EAST,Hertford East,HFE
HERTFORD NORTH,Hertford North,HFN
HESSLE,Hessle,HES
HESWALL,Heswall,HSW
HEVER,Hever,HEV
HEWORTH,Heworth,HEW
HEXHAM,Hexham,HEX
HEYFORD,Heyford,HYD
HEYSHAM PORT,Heysham Port,HHB
HIGH BROOMS,High Brooms,HIB
HIGH STREET (GLASGOW),High Street (Glasgow),HST
HIGH STREET KENSINGTON UNDERGROUND,High Street Kensington Underground,ZHS
HIGH WYCOMBE,High Wycombe,HWY
HIGHAM (KENT),Higham (Kent),HGM
HIGHAMS PARK,Highams Park,HIP
HIGHBRIDGE & BURNHAM,Highbridge & Burnham,HIG
HIGHBURY & ISLINGTON,Highbury & Islington,HHY
HIGHTOWN,Hightown,HTO
HILDENBOROUGH,Hildenborough,HLB
HILLFOOT,Hillfoot,HLF
HILLINGTON EAST,Hillington East,HLE
HILLINGTON WEST,Hillington West,HLW
HILLSIDE,Hillside,HIL
HILSEA,Hilsea,HLS
HINCHLEY WOOD,Hinchley Wood,HYW
HINCKLEY (LEICS),Hinckley (Leics),HNK
HINDLEY,Hindley,HIN
HINTON ADMIRAL,Hinton Admiral,HNA
HITCHIN,Hitchin,HIT
HITHER GREEN,Hither Green,HGR
HOCKLEY,Hockley,HOC
HOLLINGBOURNE,Hollingbourne,HBN
HOLMES CHAPEL,Holmes Chapel,HCH
HOLMWOOD,Holmwood,HLM
HOLTON HEATH,Holton Heath,HOL
HOLYHEAD,Holyhead,HHD
HOLYTOWN,Holytown,HLY
HOMERTON,Homerton,HMN
HONEYBOURNE,Honeybourne,HYB
HONITON,Honiton,HON
HONLEY,Honley,HOY
HONOR OAK PARK,Honor Oak Park,HPA
HOOK,Hook,HOK
HOOTON,Hooton,HOO
HOPE (DERBYSHIRE),Hope (Derbyshire),HOP
HOPE (FLINTSHIRE),Hope (Flintshire),HPE
HOPTON HEATH,Hopton Heath,HPT
HORDEN,Horden,HRE
HORLEY,Horley,HOR
HORNBEAM PARK,Hornbeam Park,HBP
HORNSEY,Hornsey,HRN
HORSFORTH,Horsforth,HRS
HORSHAM,Horsham,HRH
HORSLEY,Horsley,HSY
HORTON-IN-RIBBLESDALE,Horton-in-Ribblesdale,HIR
HORWICH PARKWAY,Horwich Parkway,HWI
HOSCAR,Hoscar,HSC
HOUGH GREEN,Hough Green,HGN
HOUNSLOW,Hounslow,HOU
HOVE,Hove,HOV
HOVETON & WROXHAM,Hoveton & Wroxham,HXM
HOW WOOD (HERTS),How Wood (Herts),HWW
HOWDEN,Howden,HOW
HOWWOOD (RENFREWSHIRE),Howwood (Renfrewshire),HOZ
HOXTON,Hoxton,HOX
HOYLAKE,Hoylake,HYK
HUBBERTS BRIDGE,Hubberts Bridge,HBB
HUCKNALL,Hucknall,HKN
HUDDERSFIELD,Huddersfield,HUD
HULL,Hull,HUL
HUMPHREY PARK,Humphrey Park,HUP
HUNCOAT,Huncoat,HCT
HUNGERFORD,Hungerford,HGD
HUNMANBY,Hunmanby,HUB
HUNTINGDON,Huntingdon,HUN
HUNTLY,Huntly,HNT
HUNTS CROSS,Hunts Cross,HNX
HURST GREEN,Hurst Green,HUR
HUTTON CRANSWICK,Hutton Cranswick,HUT
HUYTON,Huyton,HUY
HYDE CENTRAL,Hyde Central,HYC
HYDE NORTH,Hyde North,HYT
HYKEHAM,Hykeham,HKM
HYNDLAND,Hyndland,HYN
HYTHE (ESSEX),Hythe (Essex),HYH
IBM HALT,IBM Halt,IBM
IFIELD,Ifield,IFI
ILFORD,Ilford,IFD
ILKESTON,Ilkeston,ILN
ILKLEY,Ilkley,ILK
IMPERIAL WHARF,Imperial Wharf,IMW
INCE & ELTON,Ince & Elton,INE
INCE (MANCHESTER),Ince (Manchester),INC
INGATESTONE,Ingatestone,INT
INSCH,Insch,INS
INVERGORDON,Invergordon,IGD
INVERGOWRIE,Invergowrie,ING
INVERKEITHING,Inverkeithing,INK
INVERKIP,Inverkip,INP
INVERNESS,Inverness,INV
INVERSHIN,Invershin,INH
INVERURIE,Inverurie,INR
IPSWICH,Ipswich,IPS
IRLAM,Irlam,IRL
IRVINE,Irvine,IRV
ISLEWORTH,Isleworth,ISL
ISLIP,Islip,ISP
IVER,Iver,IVR
IVYBRIDGE,Ivybridge,IVY
JAMES COOK,James Cook,JCH
JEWELLERY QUARTER,Jewellery Quarter,JEQ
JOHNSTON (PEMBS),Johnston (Pembs),JOH
JOHNSTONE (STRATHCLYDE),Johnstone (Strathclyde),JHN
JORDANHILL,Jordanhill,JOR
KEARSLEY (MANCHESTER),Kearsley (Manchester),KSL
KEARSNEY (KENT),Kearsney (Kent),KSN
KEIGHLEY,Keighley,KEI
KEITH,Keith,KEH
KELVEDON,Kelvedon,KEL
KELVINDALE,Kelvindale,KVD
KEMBLE,Kemble,KEM
KEMPSTON HARDWICK,Kempston Hardwick,KMH
KEMPTON PARK RACECOURSE,Kempton Park Racecourse,KMP
KEMSING,Kemsing,KMS
KEMSLEY,Kemsley,KML
KENDAL,Kendal,KEN
KENILWORTH,Kenilworth,KNW
KENLEY,Kenley,KLY
KENNETT,Kennett,KNE
KENNISHEAD,Kennishead,KNS
KENSAL GREEN,Kensal Green,KNL
KENSAL RISE,Kensal Rise,KNR
KENSINGTON OLYMPIA,Kensington Olympia,KPA
KENT HOUSE,Kent House,KTH
KENTISH TOWN,Kentish Town,KTN
KENTISH TOWN WEST,Kentish Town West,KTW
KENTON,Kenton,KNT
KENTS BANK,Kents Bank,KBK
KETTERING,Kettering,KET
KEW BRIDGE,Kew Bridge,KWB
KEW GARDENS,Kew Gardens,KWG
KEYHAM,Keyham,KEY
KEYNSHAM,Keynsham,KYN
KIDBROOKE,Kidbrooke,KDB
KIDDERMINSTER,Kidderminster,KID
KIDSGROVE,Kidsgrove,KDG
KIDWELLY,Kidwelly,KWL
KILBURN HIGH ROAD,Kilburn High Road,KBN
KILDALE,Kildale,KLD
KILDONAN,Kildonan,KIL
KILGETTY,Kilgetty,KGT
KILMARNOCK,Kilmarnock,KMK
KILMAURS,Kilmaurs,KLM
KILPATRICK,Kilpatrick,KPT
KILWINNING,Kilwinning,KWN
KINBRACE,Kinbrace,KBC
KINGHAM,Kingham,KGM
KINGHORN,Kinghorn,KGH
KINGS LANGLEY,Kings Langley,KGL
KINGS LYNN,Kings Lynn,KLN
KINGS NORTON,Kings Norton,KNN
KINGS NYMPTON,Kings Nympton,KGN
KINGS PARK,Kings Park,KGP
KINGS SUTTON,Kings Sutton,KGS
KINGSKNOWE,Kingsknowe,KGE
KINGSTON,Kingston,KNG
KINGSWOOD,Kingswood,KND
KINGUSSIE,Kingussie,KIN
KINTBURY,Kintbury,KIT
KIRBY CROSS,Kirby Cross,KBX
KIRK SANDALL,Kirk Sandall,KKS
KIRKBY (MERSEYSIDE),Kirkby (Merseyside),KIR
KIRKBY STEPHEN,Kirkby Stephen,KSW
KIRKBY-IN-ASHFIELD,Kirkby-in-Ashfield,KKB
KIRKBY-IN-FURNESS,Kirkby-in-Furness,KBF
KIRKCALDY,Kirkcaldy,KDY
KIRKCONNEL,Kirkconnel,KRK
KIRKDALE,Kirkdale,KKD
KIRKHAM & WESHAM,Kirkham & Wesham,KKM
KIRKHILL,Kirkhill,KKH
KIRKNEWTON,Kirknewton,KKN
KIRKSTALL FORGE,Kirkstall Forge,KLF
KIRKWOOD,Kirkwood,KWD
KIRTON LINDSEY,Kirton Lindsey,KTL
KIVETON BRIDGE,Kiveton Bridge,KIV
KIVETON PARK,Kiveton Park,KVP
KNARESBOROUGH,Knaresborough,KNA
KNEBWORTH,Knebworth,KBW
KNIGHTON,Knighton,KNI
KNOCKHOLT,Knockholt,KCK
KNOTTINGLEY,Knottingley,KNO
KNUCKLAS,Knucklas,KNU
KNUTSFORD,Knutsford,KNF
KYLE OF LOCHALSH,Kyle of Lochalsh,KYL
LADYBANK,Ladybank,LDY
LADYWELL,Ladywell,LAD
LAINDON,Laindon,LAI
LAIRG,Lairg,LRG
LAKE,Lake,LKE
LAKENHEATH,Lakenheath,LAK
LAMPHEY,Lamphey,LAM
LANARK,Lanark,LNK
LANCASTER,Lancaster,LAN
LANCING,Lancing,LAC
LANDYWOOD,Landywood,LAW
LANGBANK,Langbank,LGB
LANGHO,Langho,LHO
LANGLEY (BERKS),Langley (Berks),LNY
LANGLEY GREEN,Langley Green,LGG
LANGLEY MILL,Langley Mill,LGM
LANGSIDE,Langside,LGS
LANGWATHBY,Langwathby,LGW
LANGWITH-WHALEY THORNS,Langwith-Whaley Thorns,LAG
LAPFORD,Lapford,LAP
LAPWORTH,Lapworth,LPW
LARBERT,Larbert,LBT
LARGS,Largs,LAR
LARKHALL,Larkhall,LRH
LAURENCEKIRK,Laurencekirk,LAU
LAWRENCE HILL,Lawrence Hill,LWH
LAYTON (LANCS),Layton (Lancs),LAY
LAZONBY & KIRKOSWALD,Lazonby & Kirkoswald,LZB
LEA BRIDGE,Lea Bridge,LEB
LEA GREEN,Lea Green,LEG
LEA HALL,Lea Hall,LEH
LEAGRAVE,Leagrave,LEA
LEALHOLM,Lealholm,LHM
LEAMINGTON SPA,Leamington Spa,LMS
LEASOWE,Leasowe,LSW
LEATHERHEAD,Leatherhead,LHD
LEDBURY,Ledbury,LED
LEE (LONDON),Lee (London),LEE
LEEDS,Leeds,LDS
LEICESTER,Leicester,LEI
LEIGH (KENT),Leigh (Kent),LIH
LEIGH-ON-SEA,Leigh-on-Sea,LES
LEIGHTON BUZZARD,Leighton Buzzard,LBZ
LELANT,Lelant,LEL
LELANT SALTINGS,Lelant Saltings,LTS
LENHAM,Lenham,LEN
LENZIE,Lenzie,LNZ
LEOMINSTER,Leominster,LEO
LETCHWORTH GARDEN CITY,Letchworth Garden City,LET
LEUCHARS (FOR ST. ANDREWS),Leuchars (for St. Andrews),LEU
LEVENSHULME,Levenshulme,LVM
LEWES,Lewes,LWS
LEWISHAM,Lewisham,LEW
LEYLAND,Leyland,LEY
LEYTON MIDLAND ROAD,Leyton Midland Road,LEM
LEYTONSTONE HIGH ROAD,Leytonstone High Road,LER
LICHFIELD CITY,Lichfield City,LIC
LICHFIELD TRENT VALLEY,Lichfield Trent Valley,LTV
LIDLINGTON,Lidlington,LID
LIMEHOUSE,Limehouse,LHS
LINCOLN CENTRAL,Lincoln Central,LCN
LINGFIELD,Lingfield,LFD
LINGWOOD,Lingwood,LGD
LINLITHGOW,Linlithgow,LIN
LIPHOOK,Liphook,LIP
LISKEARD,Liskeard,LSK
LISS,Liss,LIS
LISVANE & THORNHILL,Lisvane & Thornhill,LVT
LITTLE KIMBLE,Little Kimble,LTK
LITTLE SUTTON,Little Sutton,LTT
LITTLEBOROUGH,Littleborough,LTL
LITTLEHAMPTON,Littlehampton,LIT
LITTLEHAVEN,Littlehaven,LVN
LITTLEPORT,Littleport,LTP
LIVERPOOL CENTRAL,Liverpool Central,LVC
LIVERPOOL JAMES STREET,Liverpool James Street,LVJ
LIVERPOOL LIME STREET,Liverpool Lime Street,LIV
LIVERPOOL SOUTH PARKWAY,Liverpool South Parkway,LPY
LIVINGSTON NORTH,Livingston North,LSN
LIVINGSTON SOUTH,Livingston South,LVG
LLANABER,Llanaber,LLA
LLANBEDR,Llanbedr,LBR
LLANBISTER ROAD,Llanbister Road,LLT
LLANBRADACH,Llanbradach,LNB
LLANDAF,Llandaf,LLN
LLANDANWG,Llandanwg,LDN
LLANDECWYN,Llandecwyn,LLC
LLANDEILO,Llandeilo,LLL
LLANDOVERY,Llandovery,LLV
LLANDRINDOD,Llandrindod,LLO
LLANDUDNO,Llandudno,LLD
LLANDUDNO JUNCTION,Llandudno Junction,LLJ
LLANDYBIE,Llandybie,LLI
LLANELLI,Llanelli,LLE
LLANFAIRFECHAN,Llanfairfechan,LLF
LLANFAIRPWLL,Llanfairpwll,LPG
LLANGADOG,Llangadog,LLG
LLANGAMMARCH,Llangammarch,LLM
LLANGENNECH,Llangennech,LLH
LLANGYNLLO,Llangynllo,LGO
LLANHARAN,Llanharan,LLR
LLANHILLETH,Llanhilleth,LTH
LLANISHEN,Llanishen,LLS
LLANRWST,Llanrwst,LWR
LLANSAMLET,Llansamlet,LAS
LLANTWIT MAJOR,Llantwit Major,LWM
LLANWRDA,Llanwrda,LNR
LLANWRTYD,Llanwrtyd,LNW
LLWYNGWRIL,Llwyngwril,LLW
LLWYNYPIA,Llwynypia,LLY
LOCH AWE,Loch Awe,LHA
LOCH EIL OUTWARD BOUND,Loch Eil Outward Bound,LHE
LOCHAILORT,Lochailort,LCL
LOCHEILSIDE,Locheilside,LCS
LOCHGELLY,Lochgelly,LCG
LOCHLUICHART,Lochluichart,LCC
LOCHWINNOCH,Lochwinnoch,LHW
LOCKERBIE,Lockerbie,LOC
LOCKWOOD,Lockwood,LCK
LONDON BLACKFRIARS,London Blackfriars,BFR
LONDON BRIDGE,London Bridge,LBG
LONDON CANNON STREET,London Cannon Street,CST
LONDON CHARING CROSS,London Charing Cross,CHX
LONDON EUSTON,London Euston,EUS
LONDON FENCHURCH STREET,London Fenchurch Street,FST
LONDON FIELDS,London Fields,LOF
LONDON KINGS CROSS,London Kings Cross,KGX
LONDON LIVERPOOL STREET,London Liverpool Street,LST
LONDON MARYLEBONE,London Marylebone,MYB
LONDON PADDINGTON,London Paddington,PAD
LONDON ROAD (BRIGHTON),London Road (Brighton),LRB
LONDON ROAD (GUILDFORD),London Road (Guildford),LRD
LONDON ST PANCRAS (INTL),London St Pancras (Intl),SPX
LONDON ST PANCRAS INTERNATIONAL,London St Pancras International,STP
LONDON VICTORIA,London Victoria,VIC
LONDON WATERLOO,London Waterloo,WAT
LONDON WATERLOO EAST,London Waterloo East,WAE
LONG BUCKBY,Long Buckby,LBK
LONG EATON,Long Eaton,LGE
LONG PRESTON,Long Preston,LPR
LONGBECK,Longbeck,LGK
LONGBRIDGE,Longbridge,LOB
LONGCROSS,Longcross,LNG
LONGFIELD,Longfield,LGF
LONGNIDDRY,Longniddry,LND
LONGPORT,Longport,LPT
LONGTON,Longton,LGN
LOOE,Looe,LOO
LOSTOCK,Lostock,LOT
LOSTOCK GRALAM,Lostock Gralam,LTG
LOSTOCK HALL,Lostock Hall,LOH
LOSTWITHIEL,Lostwithiel,LOS
LOUGHBOROUGH,Loughborough,LBO
LOUGHBOROUGH JUNCTION,Loughborough Junction,LGJ
LOW MOOR,Low Moor,LMR
LOWDHAM,Lowdham,LOW
LOWER SYDENHAM,Lower Sydenham,LSY
LOWESTOFT,Lowestoft,LWT
LUDLOW,Ludlow,LUD
LUTON,Luton,LUT
LUTON AIRPORT PARKWAY,Luton Airport Parkway,LTN
LUXULYAN,Luxulyan,LUX
LYDNEY,Lydney,LYD
LYE (WEST MIDLANDS),Lye (West Midlands),LYE
LYMINGTON PIER,Lymington Pier,LYP
LYMINGTON TOWN,Lymington Town,LYT
LYMPSTONE COMMANDO,Lympstone Commando,LYC
LYMPSTONE VILLAGE,Lympstone Village,LYM
LYTHAM,Lytham,LTM
MACCLESFIELD,Macclesfield,MAC
MACHYNLLETH,Machynlleth,MCN
MAESTEG,Maesteg,MST
MAESTEG (EWENNY ROAD),Maesteg (Ewenny Road),MEW
MAGHULL,Maghull,MAG
MAGHULL NORTH,Maghull North,MNS
MAIDEN NEWTON,Maiden Newton,MDN
MAIDENHEAD,Maidenhead,MAI
MAIDSTONE BARRACKS,Maidstone Barracks,MDB
MAIDSTONE EAST,Maidstone East,MDE
MAIDSTONE WEST,Maidstone West,MDW
MALDEN MANOR,Malden Manor,MAL
MALLAIG,Mallaig,MLG
MALTON,Malton,MLT
MALVERN LINK,Malvern Link,MVL
MANCHESTER AIRPORT,Manchester Airport,MIA
MANCHESTER OXFORD ROAD,Manchester Oxford Road,MCO
MANCHESTER PICCADILLY,Manchester Piccadilly,MAN
MANCHESTER UNITED FOOTBALL GROUND,Manchester United Football Ground,MUF
MANCHESTER VICTORIA,Manchester Victoria,MCV
MANEA,Manea,MNE
MANNINGTREE,Manningtree,MNG
MANOR PARK,Manor Park,MNP
MANOR ROAD,Manor Road,MNR
MANORBIER,Manorbier,MRB
MANORS,Manors,MAS
MANSFIELD,Mansfield,MFT
MANSFIELD WOODHOUSE,Mansfield Woodhouse,MSW
MARCH,March,MCH
MARDEN (KENT),Marden (Kent),MRN
MARGATE,Margate,MAR
MARKET HARBOROUGH,Market Harborough,MHR
MARKET RASEN,Market Rasen,MKR
MARKINCH,Markinch,MNC
MARKS TEY,Marks Tey,MKT
MARLOW,Marlow,MLW
MARPLE,Marple,MPL
MARSDEN (YORKS),Marsden (Yorks),MSN
MARSKE,Marske,MSK
MARSTON GREEN,Marston Green,MGN
MARTIN MILL,Martin Mill,MTM
MARTINS HERON,Martins Heron,MAO
MARTON,Marton,MTO
MARYHILL,Maryhill,MYH
MARYLAND,Maryland,MYL
MARYPORT,Maryport,MRY
MATLOCK,Matlock,MAT
MATLOCK BATH,Matlock Bath,MTB
MAULDETH ROAD,Mauldeth Road,MAU
MAXWELL PARK,Maxwell Park,MAX
MAYBOLE,Maybole,MAY
MAZE HILL,Maze Hill,MZH
MEADOWHALL,Meadowhall,MHS
MELDRETH,Meldreth,MEL
MELKSHAM,Melksham,MKM
MELTON (SUFFOLK),Melton (Suffolk),MES
MELTON MOWBRAY,Melton Mowbray,MMO
MENHENIOT,Menheniot,MEN
MENSTON,Menston,MNN
MEOLS,Meols,MEO
MEOLS COP,Meols Cop,MEC
MEOPHAM,Meopham,MEP
MERIDIAN WATER,Meridian Water,MRW
MERRYTON,Merryton,MEY
MERSTHAM,Merstham,MHM
MERTHYR TYDFIL,Merthyr Tydfil,MER
MERTHYR VALE,Merthyr Vale,MEV
METHERINGHAM,Metheringham,MGM
METROCENTRE,MetroCentre,MCE
MEXBOROUGH,Mexborough,MEX
MICHELDEVER,Micheldever,MIC
MICKLEFIELD,Micklefield,MIK
MIDDLESBROUGH,Middlesbrough,MBR
MIDDLEWOOD,Middlewood,MDL
MIDGHAM,Midgham,MDG
MILFORD (SURREY),Milford (Surrey),MLF
MILFORD HAVEN,Milford Haven,MFH
MILL HILL (LANCS),Mill Hill (Lancs),MLH
MILL HILL BROADWAY,Mill Hill Broadway,MIL
MILLBROOK (BEDS),Millbrook (Beds),MLB
MILLBROOK (HANTS),Millbrook (Hants),MBK
MILLIKEN PARK,Milliken Park,MIN
MILLOM,Millom,MLM
MILLS HILL (MANCHESTER),Mills Hill (Manchester),MIH
MILNGAVIE,Milngavie,MLN
MILTON KEYNES CENTRAL,Milton Keynes Central,MKC
MINFFORDD,Minffordd,MFF
MINSTER,Minster,MSR
MIRFIELD,Mirfield,MIR
MISTLEY,Mistley,MIS
MITCHAM EASTFIELDS,Mitcham Eastfields,MTC
MITCHAM JUNCTION,Mitcham Junction,MIJ
MOBBERLEY,Mobberley,MOB
MONIFIETH,Monifieth,MON
MONKS RISBOROUGH,Monks Risborough,MRS
MONTPELIER,Montpelier,MTP
MONTROSE,Montrose,MTS
MOORFIELDS,Moorfields,MRF
MOORGATE,Moorgate,MOG
MOORSIDE,Moorside,MSD
MOORTHORPE,Moorthorpe,MRP
MORAR,Morar,MRR
MORCHARD ROAD,Morchard Road,MRD
MORDEN SOUTH,Morden South,MDS
MORECAMBE,Morecambe,MCM
MORETON (DORSET),Moreton (Dorset),MTN
MORETON (MERSEYSIDE),Moreton (Merseyside),MRT
MORETON-IN-MARSH,Moreton-in-Marsh,MIM
MORFA MAWDDACH,Morfa Mawddach,MFA
MORLEY,Morley,MLY
MORPETH,Morpeth,MPT
MORTIMER,Mortimer,MOR
MORTLAKE,Mortlake,MTL
MOSES GATE,Moses Gate,MSS
MOSS SIDE,Moss Side,MOS
MOSSLEY (MANCHESTER),Mossley (Manchester),MSL
MOSSLEY HILL,Mossley Hill,MSH
MOSSPARK,Mosspark,MPK
MOSTON,Moston,MSO
MOTHERWELL,Motherwell,MTH
MOTSPUR PARK,Motspur Park,MOT
MOTTINGHAM,Mottingham,MTG
MOTTISFONT & DUNBRIDGE,Mottisfont & Dunbridge,DBG
MOULDSWORTH,Mouldsworth,MLD
MOULSECOOMB,Moulsecoomb,MCB
MOUNT FLORIDA,Mount Florida,MFL
MOUNT VERNON,Mount Vernon,MTV
MOUNTAIN ASH,Mountain Ash,MTA
MUIR OF ORD,Muir of Ord,MOO
MUIREND,Muirend,MUI
MUSSELBURGH,Musselburgh,MUB
MYTHOLMROYD,Mytholmroyd,MYT
NAFFERTON,Nafferton,NFN
NAILSEA & BACKWELL,Nailsea & Backwell,NLS
NAIRN,Nairn,NRN
NANTWICH,Nantwich,NAN
NARBERTH,Narberth,NAR
NARBOROUGH,Narborough,NBR
NAVIGATION ROAD,Navigation Road,NVR
NEATH,Neath,NTH
NEEDHAM MARKET,Needham Market,NMT
NEILSTON,Neilston,NEI
NELSON,Nelson,NEL
NESTON,Neston,NES
NETHERFIELD,Netherfield,NET
NETHERTOWN,Nethertown,NRT
NETLEY,Netley,NTL
NEW BARNET,New Barnet,NBA
NEW BECKENHAM,New Beckenham,NBC
NEW BRIGHTON,New Brighton,NBN
NEW CLEE,New Clee,NCE
NEW CROSS,New Cross,NWX
NEW CROSS GATE,New Cross Gate,NXG
NEW CUMNOCK,New Cumnock,NCK
NEW ELTHAM,New Eltham,NEH
NEW HOLLAND,New Holland,NHL
NEW HYTHE,New Hythe,NHE
NEW LANE,New Lane,NLN
NEW MALDEN,New Malden,NEM
NEW MILLS CENTRAL,New Mills Central,NMC
NEW MILLS NEWTOWN,New Mills Newtown,NMN
NEW MILTON,New Milton,NWM
NEW PUDSEY,New Pudsey,NPD
NEW SOUTHGATE,New Southgate,NSG
NEWARK CASTLE,Newark Castle,NCT
NEWARK NORTH GATE,Newark North Gate,NNG
NEWBRIDGE,Newbridge,NBE
NEWBURY,Newbury,NBY
NEWBURY RACECOURSE,Newbury Racecourse,NRC
NEWCASTLE,Newcastle,NCL
NEWCOURT,Newcourt,NCO
NEWCRAIGHALL,Newcraighall,NEW
NEWHAVEN HARBOUR,Newhaven Harbour,NVH
NEWHAVEN TOWN,Newhaven Town,NVN
NEWINGTON,Newington,NGT
NEWMARKET,Newmarket,NMK
NEWPORT (ESSEX),Newport (Essex),NWE
NEWPORT (SOUTH WALES),Newport (South Wales),NWP
NEWQUAY,Newquay,NQY
NEWSTEAD,Newstead,NSD
NEWTON (LANARK),Newton (Lanark),NTN
NEWTON ABBOT,Newton Abbot,NTA
NEWTON AYCLIFFE,Newton Aycliffe,NAY
NEWTON FOR HYDE,Newton for Hyde,NWN
NEWTON ST CYRES,Newton St Cyres,NTC
NEWTONGRANGE,Newtongrange,NEG
NEWTON-LE-WILLOWS,Newton-le-Willows,NLW
NEWTONMORE,Newtonmore,NWR
NEWTON-ON-AYR,Newton-on-Ayr,NOA
NEWTOWN (POWYS),Newtown (Powys),NWT
NINIAN PARK,Ninian Park,NNP
NITSHILL,Nitshill,NIT
NORBITON,Norbiton,NBT
NORBURY,Norbury,NRB
NORMANS BAY,Normans Bay,NSB
NORMANTON,Normanton,NOR
NORTH BERWICK,North Berwick,NBW
NORTH CAMP,North Camp,NCM
NORTH DULWICH,North Dulwich,NDL
NORTH FAMBRIDGE,North Fambridge,NFA
NORTH LLANRWST,North Llanrwst,NLR
NORTH QUEENSFERRY,North Queensferry,NQU
NORTH ROAD (DARLINGTON),North Road (Darlington),NRD
NORTH SHEEN,North Sheen,NSH
NORTH WALSHAM,North Walsham,NWA
NORTH WEMBLEY,North Wembley,NWB
NORTHALLERTON,Northallerton,NTR
NORTHAMPTON,Northampton,NMP
NORTHFIELD,Northfield,NFD
NORTHFLEET,Northfleet,NFL
NORTHOLT PARK,Northolt Park,NLT
NORTHUMBERLAND PARK,Northumberland Park,NUM
NORTHWICH,Northwich,NWI
NORWICH,Norwich,NRW
NORWOOD JUNCTION,Norwood Junction,NWD
NOTTINGHAM,Nottingham,NOT
NUNEATON,Nuneaton,NUN
NUNHEAD,Nunhead,NHD
NUNTHORPE,Nunthorpe,NNT
NUTBOURNE,Nutbourne,NUT
NUTFIELD,Nutfield,NUF
OAKENGATES,Oakengates,OKN
OAKHAM,Oakham,OKM
OAKLEIGH PARK,Oakleigh Park,OKL
OBAN,Oban,OBN
OCKENDON,Ockendon,OCK
OCKLEY,Ockley,OLY
OKEHAMPTON,Okehampton,OKE
OLD HILL,Old Hill,OHL
OLD ROAN,Old Roan,ORN
OLD STREET,Old Street,OLD
OLDFIELD PARK,Oldfield Park,OLF
OLTON,Olton,OLT
ORE,Ore,ORE
ORMSKIRK,Ormskirk,OMS
ORPINGTON,Orpington,ORP
ORRELL,Orrell,ORR
ORRELL PARK,Orrell Park,OPK
OTFORD,Otford,OTF
OULTON BROAD NORTH,Oulton Broad North,OUN
OULTON BROAD SOUTH,Oulton Broad South,OUS
OUTWOOD,Outwood,OUT
OVERPOOL,Overpool,OVE
OVERTON,Overton,OVR
OXENHOLME LAKE DISTRICT,Oxenholme Lake District,OXN
OXFORD,Oxford,OXF
OXFORD PARKWAY,Oxford Parkway,OXP
OXSHOTT,Oxshott,OXS
OXTED,Oxted,OXT
PADDOCK WOOD,Paddock Wood,PDW
PADGATE,Padgate,PDG
PAIGNTON,Paignton,PGN
PAISLEY CANAL,Paisley Canal,PCN
PAISLEY GILMOUR STREET,Paisley Gilmour Street,PYG
PAISLEY ST JAMES,Paisley St James,PYJ
PALMERS GREEN,Palmers Green,PAL
PANGBOURNE,Pangbourne,PAN
PANNAL,Pannal,PNL
PANTYFFYNNON,Pantyffynnon,PTF
PAR,Par,PAR
PARBOLD,Parbold,PBL
PARK STREET,Park Street,PKT
PARKSTONE (DORSET),Parkstone (Dorset),PKS
PARSON STREET,Parson Street,PSN
PARTICK,Partick,PTK
PARTON,Parton,PRN
PATCHWAY,Patchway,PWY
PATRICROFT,Patricroft,PAT
PATTERTON,Patterton,PTT
PEARTREE,Peartree,PEA
PECKHAM RYE,Peckham Rye,PMR
PEGSWOOD,Pegswood,PEG
PEMBERTON,Pemberton,PEM
PEMBREY & BURRY PORT,Pembrey & Burry Port,PBY
PEMBROKE,Pembroke,PMB
PEMBROKE DOCK,Pembroke Dock,PMD
PENALLY,Penally,PNA
PENARTH,Penarth,PEN
PENCOED,Pencoed,PCD
PENGAM,Pengam,PGM
PENGE EAST,Penge East,PNE
PENGE WEST,Penge West,PNW
PENHELIG,Penhelig,PHG
PENISTONE,Penistone,PNS
PENKRIDGE,Penkridge,PKG
PENMAENMAWR,Penmaenmawr,PMW
PENMERE,Penmere,PNM
PENRHIWCEIBER,Penrhiwceiber,PER
PENRHYNDEUDRAETH,Penrhyndeudraeth,PRH
PENRITH (NORTH LAKES),Penrith (North Lakes),PNR
PENRYN (CORNWALL),Penryn (Cornwall),PYN
PENSARN (GWYNEDD),Pensarn (Gwynedd),PES
PENSHURST,Penshurst,PHR
PENTRE-BACH,Pentre-Bach,PTB
PEN-Y-BONT,Pen-y-Bont,PNY
PENYCHAIN,Penychain,PNC
PENYFFORDD,Penyffordd,PNF
PENZANCE,Penzance,PNZ
PERRANWELL,Perranwell,PRW
PERRY BARR,Perry Barr,PRY
PERSHORE,Pershore,PSH
PERTH,Perth,PTH
PETERBOROUGH,Peterborough,PBO
PETERSFIELD,Petersfield,PTR
PETTS WOOD,Petts Wood,PET
PEVENSEY & WESTHAM,Pevensey & Westham,PEV
PEVENSEY BAY,Pevensey Bay,PEB
PEWSEY,Pewsey,PEW
PILNING,Pilning,PIL
PINHOE,Pinhoe,PIN
PITLOCHRY,Pitlochry,PIT
PITSEA,Pitsea,PSE
PLEASINGTON,Pleasington,PLS
PLOCKTON,Plockton,PLK
PLUCKLEY,Pluckley,PLC
PLUMLEY,Plumley,PLM
PLUMPTON,Plumpton,PMP
PLUMSTEAD,Plumstead,PLU
PLYMOUTH,Plymouth,PLY
POKESDOWN,Pokesdown,POK
POLEGATE,Polegate,PLG
POLESWORTH,Polesworth,PSW
POLLOKSHAWS EAST,Pollokshaws East,PWE
POLLOKSHAWS WEST,Pollokshaws West,PWW
POLLOKSHIELDS EAST,Pollokshields East,PLE
POLLOKSHIELDS WEST,Pollokshields West,PLW
POLMONT,Polmont,PMT
POLSLOE BRIDGE,Polsloe Bridge,POL
PONDERS END,Ponders End,PON
PONTARDDULAIS,Pontarddulais,PTD
PONTEFRACT BAGHILL,Pontefract Baghill,PFR
PONTEFRACT MONKHILL,Pontefract Monkhill,PFM
PONTEFRACT TANSHELF,Pontefract Tanshelf,POT
PONTLOTTYN,Pontlottyn,PLT
PONTYCLUN,Pontyclun,PYC
PONT-Y-PANT,Pont-y-Pant,PYP
PONTYPOOL & NEW INN,Pontypool & New Inn,PPL
PONTYPRIDD,Pontypridd,PPD
POOLE,Poole,POO
POPPLETON,Poppleton,POP
PORT GLASGOW,Port Glasgow,PTG
PORT SUNLIGHT,Port Sunlight,PSL
PORT TALBOT PARKWAY,Port Talbot Parkway,PTA
PORTCHESTER,Portchester,PTC
PORTH,Porth,POR
PORTHMADOG,Porthmadog,PTM
PORTLETHEN,Portlethen,PLN
PORTSLADE,Portslade,PLD
PORTSMOUTH & SOUTHSEA,Portsmouth & Southsea,PMS
PORTSMOUTH ARMS,Portsmouth Arms,PMA
PORTSMOUTH HARBOUR,Portsmouth Harbour,PMH
POSSILPARK & PARKHOUSE,Possilpark & Parkhouse,PPK
POTTERS BAR,Potters Bar,PBR
POULTON-LE-FYLDE,Poulton-le-Fylde,PFY
POYNTON,Poynton,PYT
PREES,Prees,PRS
PRESCOT,Prescot,PSC
PRESTATYN,Prestatyn,PRT
PRESTBURY,Prestbury,PRB
PRESTON (LANCS),Preston (Lancs),PRE
PRESTON PARK,Preston Park,PRP
PRESTONPANS,Prestonpans,PST
PRESTWICK INTERNATIONAL AIRPORT,Prestwick International Airport,PRA
PRESTWICK TOWN,Prestwick Town,PTW
PRIESTHILL & DARNLEY,Priesthill & Darnley,PTL
PRINCES RISBOROUGH,Princes Risborough,PRR
PRITTLEWELL,Prittlewell,PRL
PRUDHOE,Prudhoe,PRU
PULBOROUGH,Pulborough,PUL
PURFLEET,Purfleet,PFL
PURLEY,Purley,PUR
PURLEY OAKS,Purley Oaks,PUO
PUTNEY,Putney,PUT
PWLLHELI,Pwllheli,PWL
PYE CORNER,Pye Corner,PYE
PYLE,Pyle,PYL
QUAKERS YARD,Quakers Yard,QYD
QUEENBOROUGH,Queenborough,QBR
QUEENS PARK (GLASGOW),Queens Park (Glasgow),QPK
QUEENS PARK (LONDON),Queens Park (London),QPW
QUEENS ROAD (PECKHAM),Queens Road (Peckham),QRP
QUEENSTOWN ROAD (BATTERSEA),Queenstown Road (Battersea),QRB
QUINTRELL DOWNS,Quintrell Downs,QUI
RADCLIFFE-ON-TRENT,Radcliffe-on-Trent,RDF
RADLETT,Radlett,RDT
RADLEY,Radley,RAD
RADYR,Radyr,RDR
RAINFORD,Rainford,RNF
RAINHAM (ESSEX),Rainham (Essex),RNM
RAINHAM (KENT),Rainham (Kent),RAI
RAINHILL,Rainhill,RNH
RAMSGATE,Ramsgate,RAM
RAMSGREAVE & WILPSHIRE,Ramsgreave & Wilpshire,RGW
RANNOCH,Rannoch,RAN
RAUCEBY,Rauceby,RAU
RAVENGLASS FOR ESKDALE,Ravenglass for Eskdale,RAV
RAVENSBOURNE,Ravensbourne,RVB
RAVENSTHORPE,Ravensthorpe,RVN
RAWCLIFFE,Rawcliffe,RWC
RAYLEIGH,Rayleigh,RLG
RAYNES PARK,Raynes Park,RAY
READING,Reading,RDG
READING WEST,Reading West,RDW
RECTORY ROAD,Rectory Road,REC
REDBRIDGE,Redbridge,RDB
REDCAR BRITISH STEEL,Redcar British Steel,RBS
REDCAR CENTRAL,Redcar Central,RCC
REDCAR EAST,Redcar East,RCE
REDDISH NORTH,Reddish North,RDN
REDDISH SOUTH,Reddish South,RDS
REDDITCH,Redditch,RDC
REDHILL,Redhill,RDH
REDLAND,Redland,RDA
REDRUTH,Redruth,RED
REEDHAM (NORFOLK),Reedham (Norfolk),REE
REEDHAM (SURREY),Reedham (Surrey),RHM
REIGATE,Reigate,REI
RENTON,Renton,RTN
RETFORD,Retford,RET
RHIWBINA,Rhiwbina,RHI
RHOOSE CARDIFF INTERNATIONAL AIRPORT,Rhoose Cardiff International Airport,RIA
RHOSNEIGR,Rhosneigr,RHO
RHYL,Rhyl,RHL
RHYMNEY,Rhymney,RHY
RIBBLEHEAD,Ribblehead,RHD
RICE LANE,Rice Lane,RIL
RICHMOND (LONDON),Richmond (London),RMD
RICKMANSWORTH,Rickmansworth,RIC
RIDDLESDOWN,Riddlesdown,RDD
RIDGMONT,Ridgmont,RID
RIDING MILL,Riding Mill,RDM
RISCA & PONTYMISTER,Risca & Pontymister,RCA
RISHTON,Rishton,RIS
ROBERTSBRIDGE,Robertsbridge,RBR
ROBROYSTON,Robroyston,RRN
ROBY,Roby,ROB
ROCHDALE,Rochdale,RCD
ROCHE,Roche,ROC
ROCHESTER,Rochester,RTR
ROCHFORD,Rochford,RFD
ROCK FERRY,Rock Ferry,RFY
ROGART,Rogart,ROG
ROGERSTONE,Rogerstone,ROR
ROLLESTON,Rolleston,ROL
ROMAN BRIDGE,Roman Bridge,RMB
ROMFORD,Romford,RMF
ROMILEY,Romiley,RML
ROMSEY,Romsey,ROM
ROOSE,Roose,ROO
ROSE GROVE,Rose Grove,RSG
ROSE HILL MARPLE,Rose Hill Marple,RSH
ROSYTH,Rosyth,ROS
ROTHERHAM CENTRAL,Rotherham Central,RMC
ROTHERHITHE,Rotherhithe,ROE
ROUGHTON ROAD,Roughton Road,RNR
ROWLANDS CASTLE,Rowlands Castle,RLN
ROWLEY REGIS,Rowley Regis,ROW
ROY BRIDGE,Roy Bridge,RYB
ROYDON,Roydon,RYN
ROYSTON,Royston,RYS
RUABON,Ruabon,RUA
RUFFORD,Rufford,RUF
RUGBY,Rugby,RUG
RUGELEY TOWN,Rugeley Town,RGT
RUGELEY TRENT VALLEY,Rugeley Trent Valley,RGL
RUNCORN,Runcorn,RUN
RUNCORN EAST,Runcorn East,RUE
RUSKINGTON,Ruskington,RKT
RUSWARP,Ruswarp,RUS
RUTHERGLEN,Rutherglen,RUT
RYDE ESPLANADE,Ryde Esplanade,RYD
RYDE PIER HEAD,Ryde Pier Head,RYP
RYDE ST JOHNS ROAD,Ryde St Johns Road,RYR
RYDER BROW,Ryder Brow,RRB
RYE (SUSSEX),Rye (Sussex),RYE
RYE HOUSE,Rye House,RYH
SALFORD CENTRAL,Salford Central,SFD
SALFORD CRESCENT,Salford Crescent,SLD
SALFORDS (SURREY),Salfords (Surrey),SAF
SALHOUSE,Salhouse,SAH
SALISBURY,Salisbury,SAL
SALTAIRE,Saltaire,SAE
SALTASH,Saltash,STS
SALTBURN,Saltburn,SLB
SALTCOATS,Saltcoats,SLT
SALTMARSHE,Saltmarshe,SAM
SALWICK,Salwick,SLW
SAMPFORD COURTENAY,Sampford Courtenay,SMC
SANDAL & AGBRIGG,Sandal & Agbrigg,SNA
SANDBACH,Sandbach,SDB
SANDERSTEAD,Sanderstead,SNR
SANDHILLS,Sandhills,SDL
SANDHURST (BERKS),Sandhurst (Berks),SND
SANDLING,Sandling,SDG
SANDOWN,Sandown,SAN
SANDPLACE,Sandplace,SDP
SANDWELL & DUDLEY,Sandwell & Dudley,SAD
SANDWICH,Sandwich,SDW
SANDY,Sandy,SDY
SANKEY FOR PENKETH,Sankey for Penketh,SNK
SANQUHAR,Sanquhar,SQH
SARN,Sarn,SRR
SAUNDERSFOOT,Saundersfoot,SDF
SAUNDERTON,Saunderton,SDR
SAWBRIDGEWORTH,Sawbridgeworth,SAW
SAXILBY,Saxilby,SXY
SAXMUNDHAM,Saxmundham,SAX
SCARBOROUGH,Scarborough,SCA
SCOTSCALDER,Scotscalder,SCT
SCOTSTOUNHILL,Scotstounhill,SCH
SCUNTHORPE,Scunthorpe,SCU
SEA MILLS,Sea Mills,SML
SEAFORD (SUSSEX),Seaford (Sussex),SEF
SEAFORTH & LITHERLAND,Seaforth & Litherland,SFL
SEAHAM,Seaham,SEA
SEAMER,Seamer,SEM
SEASCALE,Seascale,SSC
SEATON CAREW,Seaton Carew,SEC
SEER GREEN & JORDANS,Seer Green & Jordans,SRG
SELBY,Selby,SBY
SELHURST,Selhurst,SRS
SELLAFIELD,Sellafield,SEL
SELLING,Selling,SEG
SELLY OAK,Selly Oak,SLY
SETTLE,Settle,SET
SEVEN KINGS,Seven Kings,SVK
SEVEN SISTERS,Seven Sisters,SVS
SEVENOAKS,Sevenoaks,SEV
SEVERN BEACH,Severn Beach,SVB
SEVERN TUNNEL JUNCTION,Severn Tunnel Junction,STJ
SHADWELL,Shadwell,SDE
SHALFORD (SURREY),Shalford (Surrey),SFR
SHANKLIN,Shanklin,SHN
SHAWFAIR,Shawfair,SFI
SHAWFORD,Shawford,SHW
SHAWLANDS,Shawlands,SHL
SHEERNESS-ON-SEA,Sheerness-on-Sea,SSS
SHEFFIELD,Sheffield,SHF
SHELFORD (CAMBS),Shelford (Cambs),SED
SHENFIELD,Shenfield,SNF
SHENSTONE,Shenstone,SEN
SHEPHERD'S BUSH,Shepherd's Bush,SPB
SHEPHERDS WELL,Shepherds Well,SPH
SHEPLEY,Shepley,SPY
SHEPPERTON,Shepperton,SHP
SHEPRETH,Shepreth,STH
SHERBORNE,Sherborne,SHE
SHERBURN-IN-ELMET,Sherburn-in-Elmet,SIE
SHERINGHAM,Sheringham,SHM
SHETTLESTON,Shettleston,SLS
SHIELDMUIR,Shieldmuir,SDM
SHIFNAL,Shifnal,SFN
SHILDON,Shildon,SHD
SHIPLAKE,Shiplake,SHI
SHIPLEY (YORKS),Shipley (Yorks),SHY
SHIPPEA HILL,Shippea Hill,SPP
SHIPTON,Shipton,SIP
SHIREBROOK,Shirebrook,SHB
SHIREHAMPTON,Shirehampton,SHH
SHIREOAKS,Shireoaks,SRO
SHIRLEY,Shirley,SRL
SHOEBURYNESS,Shoeburyness,SRY
SHOLING,Sholing,SHO
SHOREDITCH HIGH STREET,Shoreditch High Street,SDC
SHOREHAM (KENT),Shoreham (Kent),SEH
SHOREHAM-BY-SEA,Shoreham-by-Sea,SSE
SHORTLANDS,Shortlands,SRT
SHOTTON,Shotton,SHT
SHOTTS,Shotts,SHS
SHREWSBURY,Shrewsbury,SHR
SIDCUP,Sidcup,SID
SILEBY,Sileby,SIL
SILECROFT,Silecroft,SIC
SILKSTONE COMMON,Silkstone Common,SLK
SILVER STREET,Silver Street,SLV
SILVERDALE,Silverdale,SVR
SINGER,Singer,SIN
SITTINGBOURNE,Sittingbourne,SIT
SKEGNESS,Skegness,SKG
SKEWEN,Skewen,SKE
SKIPTON,Skipton,SKI
SLADE GREEN,Slade Green,SGR
SLAITHWAITE,Slaithwaite,SWT
SLATEFORD,Slateford,SLA
SLEAFORD,Sleaford,SLR
SLEIGHTS,Sleights,SLH
SLOUGH,Slough,SLO
SMALL HEATH,Small Heath,SMA
SMALLBROOK JUNCTION,Smallbrook Junction,SAB
SMETHWICK GALTON BRIDGE,Smethwick Galton Bridge,SGB
SMETHWICK ROLFE STREET,Smethwick Rolfe Street,SMR
SMITHY BRIDGE,Smithy Bridge,SMB
SNAITH,Snaith,SNI
SNODLAND,Snodland,SDA
SNOWDOWN,Snowdown,SWO
SOLE STREET,Sole Street,SOR
SOLIHULL,Solihull,SOL
SOMERLEYTON,Somerleyton,SYT
SOUTH ACTON,South Acton,SAT
SOUTH BANK,South Bank,SBK
SOUTH BERMONDSEY,South Bermondsey,SBM
SOUTH CROYDON,South Croydon,SCY
SOUTH ELMSALL,South Elmsall,SES
SOUTH GREENFORD,South Greenford,SGN
SOUTH GYLE,South Gyle,SGL
SOUTH HAMPSTEAD,South Hampstead,SOH
SOUTH KENTON,South Kenton,SOK
SOUTH MERTON,South Merton,SMO
SOUTH MILFORD,South Milford,SOM
SOUTH RUISLIP,South Ruislip,SRU
SOUTH TOTTENHAM,South Tottenham,STO
SOUTH WIGSTON,South Wigston,SWS
SOUTH WOODHAM FERRERS,South Woodham Ferrers,SOF
SOUTHALL,Southall,STL
SOUTHAMPTON AIRPORT PARKWAY,Southampton Airport Parkway,SOA
SOUTHAMPTON CENTRAL,Southampton Central,SOU
SOUTHBOURNE,Southbourne,SOB
SOUTHBURY,Southbury,SBU
SOUTHEASE,Southease,SEE
SOUTHEND AIRPORT,Southend Airport,SIA
SOUTHEND CENTRAL,Southend Central,SOC
SOUTHEND EAST,Southend East,SOE
SOUTHEND VICTORIA,Southend Victoria,SOV
SOUTHMINSTER,Southminster,SMN
SOUTHPORT,Southport,SOP
SOUTHWICK,Southwick,SWK
SOWERBY BRIDGE,Sowerby Bridge,SOW
SPALDING,Spalding,SPA
SPEAN BRIDGE,Spean Bridge,SBR
SPITAL,Spital,SPI
SPONDON,Spondon,SPO
SPOONER ROW,Spooner Row,SPN
SPRING ROAD,Spring Road,SRI
SPRINGBURN,Springburn,SPR
SPRINGFIELD,Springfield,SPF
SQUIRES GATE,Squires Gate,SQU
ST ALBANS ABBEY,St Albans Abbey,SAA
ST ALBANS CITY,St Albans City,SAC
ST ANDREWS ROAD,St Andrews Road,SAR
ST ANNES-ON-SEA,St Annes-on-Sea,SAS
ST AUSTELL,St Austell,SAU
ST BEES,St Bees,SBS
ST BUDEAUX FERRY ROAD,St Budeaux Ferry Road,SBF
ST BUDEAUX VICTORIA ROAD,St Budeaux Victoria Road,SBV
ST COLUMB ROAD,St Columb Road,SCR
ST DENYS,St Denys,SDN
ST ERTH,St Erth,SER
ST GERMANS,St Germans,SGM
ST HELENS CENTRAL,St Helens Central,SNH
ST HELENS JUNCTION,St Helens Junction,SHJ
ST HELIER (SURREY),St Helier (Surrey),SIH
ST IVES (CORNWALL),St Ives (Cornwall),SIV
ST JAMES PARK (EXETER),St James Park (Exeter),SJP
ST JAMES STREET (WALTHAMSTOW),St James Street (Walthamstow),SJS
ST JOHNS (LONDON),St Johns (London),SAJ
ST KEYNE WISHING WELL HALT,St Keyne Wishing Well Halt,SKN
ST LEONARDS WARRIOR SQUARE,St Leonards Warrior Square,SLQ
ST MARGARETS (HERTS),St Margarets (Herts),SMT
ST MARGARETS (LONDON),St Margarets (London),SMG
ST MARY CRAY,St Mary Cray,SMY
ST MICHAELS,St Michaels,STM
ST NEOTS,St Neots,SNO
STAFFORD,Stafford,STA
STAINES,Staines,SNS
STALLINGBOROUGH,Stallingborough,SLL
STALYBRIDGE,Stalybridge,SYB
STAMFORD (LINCS),Stamford (Lincs),SMD
STAMFORD HILL,Stamford Hill,SMH
STANFORD-LE-HOPE,Stanford-le-Hope,SFO
STANLOW & THORNTON,Stanlow & Thornton,SNT
STANSTED AIRPORT,Stansted Airport,SSD
STANSTED MOUNTFITCHET,Stansted Mountfitchet,SST
STAPLEHURST,Staplehurst,SPU
STAPLETON ROAD,Stapleton Road,SRD
STARBECK,Starbeck,SBE
STARCROSS,Starcross,SCS
STAVELEY (CUMBRIA),Staveley (Cumbria),SVL
STECHFORD,Stechford,SCF
STEETON & SILSDEN,Steeton & Silsden,SON
STEPPS,Stepps,SPS
STEVENAGE,Stevenage,SVG
STEVENSTON,Stevenston,STV
STEWARTBY,Stewartby,SWR
STEWARTON,Stewarton,STT
STIRLING,Stirling,STG
STOCKPORT,Stockport,SPT
STOCKSFIELD,Stocksfield,SKS
STOCKSMOOR,Stocksmoor,SSM
STOCKTON,Stockton,STK
STOKE MANDEVILLE,Stoke Mandeville,SKM
STOKE NEWINGTON,Stoke Newington,SKW
STOKE-ON-TRENT,Stoke-on-Trent,SOT
STONE (STAFFS),Stone (Staffs),SNE
STONE CROSSING,Stone Crossing,SCG
STONEBRIDGE PARK,Stonebridge Park,SBP
STONEGATE,Stonegate,SOG
STONEHAVEN,Stonehaven,STN
STONEHOUSE,Stonehouse,SHU
STONELEIGH,Stoneleigh,SNL
STOURBRIDGE JUNCTION,Stourbridge Junction,SBJ
STOURBRIDGE TOWN,Stourbridge Town,SBT
STOW,Stow,SOI
STOWMARKET,Stowmarket,SMK
STRANRAER,Stranraer,STR
STRATFORD (LONDON),Stratford (London),SRA
STRATFORD INTERNATIONAL,Stratford International,SFA
STRATFORD-UPON-AVON,Stratford-upon-Avon,SAV
STRATFORD-UPON-AVON PARKWAY,Stratford-upon-Avon Parkway,STY
STRATHCARRON,Strathcarron,STC
STRAWBERRY HILL,Strawberry Hill,STW
STREATHAM (GREATER LONDON),Streatham (Greater London),STE
STREATHAM COMMON,Streatham Common,SRC
STREATHAM HILL,Streatham Hill,SRH
STREETHOUSE,Streethouse,SHC
STRINES,Strines,SRN
STROMEFERRY,Stromeferry,STF
STROOD (KENT),Strood (Kent),SOO
STROUD (GLOUCS),Stroud (Gloucs),STD
STURRY,Sturry,STU
STYAL,Styal,SYA
SUDBURY & HARROW ROAD,Sudbury & Harrow Road,SUD
SUDBURY (SUFFOLK),Sudbury (Suffolk),SUY
SUDBURY HILL HARROW,Sudbury Hill Harrow,SDH
SUGAR LOAF,Sugar Loaf,SUG
SUMMERSTON,Summerston,SUM
SUNBURY,Sunbury,SUU
SUNDERLAND,Sunderland,SUN
SUNDRIDGE PARK,Sundridge Park,SUP
SUNNINGDALE,Sunningdale,SNG
SUNNYMEADS,Sunnymeads,SNY
SURBITON,Surbiton,SUR
SURREY QUAYS,Surrey Quays,SQE
SUTTON (SURREY),Sutton (Surrey),SUO
SUTTON COLDFIELD,Sutton Coldfield,SUT
SUTTON COMMON,Sutton Common,SUC
SUTTON PARKWAY,Sutton Parkway,SPK
SWALE,Swale,SWL
SWANLEY,Swanley,SAY
SWANSCOMBE,Swanscombe,SWM
SWANSEA,Swansea,SWA
SWANWICK,Swanwick,SNW
SWAY,Sway,SWY
SWAYTHLING,Swaythling,SWG
SWINDERBY,Swinderby,SWD
SWINDON (WILTS),Swindon (Wilts),SWI
SWINESHEAD,Swineshead,SWE
SWINTON (MANCHESTER),Swinton (Manchester),SNN
SWINTON (SOUTH YORKS),Swinton (South Yorks),SWN
SYDENHAM (LONDON),Sydenham (London),SYD
SYDENHAM HILL,Sydenham Hill,SYH
SYON LANE,Syon Lane,SYL
SYSTON,Syston,SYS
TACKLEY,Tackley,TAC
TADWORTH,Tadworth,TAD
TAFFS WELL,Taffs Well,TAF
TAIN,Tain,TAI
TALSARNAU,Talsarnau,TAL
TALYBONT,Talybont,TLB
TAL-Y-CAFN,Tal-y-Cafn,TLC
TAME BRIDGE PARKWAY,Tame Bridge Parkway,TAB
TAMWORTH,Tamworth,TAM
TAPLOW,Taplow,TAP
TATTENHAM CORNER,Tattenham Corner,TAT
TAUNTON,Taunton,TAU
TAYNUILT,Taynuilt,TAY
TEDDINGTON,Teddington,TED
TEES-SIDE AIRPORT,Tees-side Airport,TEA
TEIGNMOUTH,Teignmouth,TGM
TELFORD CENTRAL,Telford Central,TFC
TEMPLECOMBE,Templecombe,TMC
TENBY,Tenby,TEN
TEYNHAM,Teynham,TEY
THAMES DITTON,Thames Ditton,THD
THATCHAM,Thatcham,THA
THATTO HEATH,Thatto Heath,THH
THE HAWTHORNS,The Hawthorns,THW
THE LAKES (WARKS),The Lakes (Warks),TLK
THEALE,Theale,THE
THEOBALDS GROVE,Theobalds Grove,TEO
THETFORD,Thetford,TTF
THIRSK,Thirsk,THI
THORNABY,Thornaby,TBY
THORNE NORTH,Thorne North,TNN
THORNE SOUTH,Thorne South,TNS
THORNFORD,Thornford,THO
THORNLIEBANK,Thornliebank,THB
THORNTON ABBEY,Thornton Abbey,TNA
THORNTON HEATH,Thornton Heath,TTH
THORNTONHALL,Thorntonhall,THT
THORPE BAY,Thorpe Bay,TPB
THORPE CULVERT,Thorpe Culvert,TPC
THORPE-LE-SOKEN,Thorpe-le-Soken,TLS
THREE BRIDGES,Three Bridges,TBD
THREE OAKS,Three Oaks,TOK
THURGARTON,Thurgarton,THU
THURNSCOE,Thurnscoe,THC
THURSO,Thurso,THS
THURSTON,Thurston,TRS
TILBURY TOWN,Tilbury Town,TIL
TILE HILL,Tile Hill,THL
TILEHURST,Tilehurst,TLH
TIPTON,Tipton,TIP
TIR-PHIL,Tir-Phil,TIR
TISBURY,Tisbury,TIS
TIVERTON PARKWAY,Tiverton Parkway,TVP
TODMORDEN,Todmorden,TOD
TOLWORTH,Tolworth,TOL
TON PENTRE,Ton Pentre,TPN
TONBRIDGE,Tonbridge,TON
TONDU,Tondu,TDU
TONFANAU,Tonfanau,TNF
TONYPANDY,Tonypandy,TNP
TOOTING,Tooting,TOO
TOPSHAM,Topsham,TOP
TORQUAY,Torquay,TQY
TORRE,Torre,TRR
TOTNES,Totnes,TOT
TOTTENHAM HALE,Tottenham Hale,TOM
TOTTON,Totton,TTN
TOWN GREEN,Town Green,TWN
TRAFFORD PARK,Trafford Park,TRA
TREFFOREST,Trefforest,TRF
TREFFOREST ESTATE,Trefforest Estate,TRE
TREHAFOD,Trehafod,TRH
TREHERBERT,Treherbert,TRB
TREORCHY,Treorchy,TRY
TRIMLEY,Trimley,TRM
TRING,Tring,TRI
TROED-Y-RHIW,Troed-y-rhiw,TRD
TROON,Troon,TRN
TROWBRIDGE,Trowbridge,TRO
TRURO,Truro,TRU
TULLOCH,Tulloch,TUL
TULSE HILL,Tulse Hill,TUH
TUNBRIDGE WELLS,Tunbridge Wells,TBW
TURKEY STREET,Turkey Street,TUR
TUTBURY & HATTON,Tutbury & Hatton,TUT
TWEEDBANK,Tweedbank,TWB
TWICKENHAM,Twickenham,TWI
TWYFORD,Twyford,TWY
TY CROES,Ty Croes,TYC
TY GLAS,Ty Glas,TGS
TYGWYN,Tygwyn,TYG
TYNDRUM LOWER,Tyndrum Lower,TYL
TYSELEY,Tyseley,TYS
TYWYN,Tywyn,TYW
UCKFIELD,Uckfield,UCK
UDDINGSTON,Uddingston,UDD
ULCEBY,Ulceby,ULC
ULLESKELF,Ulleskelf,ULL
ULVERSTON,Ulverston,ULV
UMBERLEIGH,Umberleigh,UMB
UNIVERSITY (BIRMINGHAM),University (Birmingham),UNI
UPHALL,Uphall,UHA
UPHOLLAND,Upholland,UPL
UPMINSTER,Upminster,UPM
UPPER HALLIFORD,Upper Halliford,UPH
UPPER HOLLOWAY,Upper Holloway,UHL
UPPER TYNDRUM,Upper Tyndrum,UTY
UPPER WARLINGHAM,Upper Warlingham,UWL
UPTON (MERSEYSIDE),Upton (Merseyside),UPT
UPWEY,Upwey,UPW
URMSTON,Urmston,URM
UTTOXETER,Uttoxeter,UTT
VALLEY,Valley,VAL
VAUXHALL,Vauxhall,VXH
VIRGINIA WATER,Virginia Water,VIR
WADDON,Waddon,WDO
WADHURST,Wadhurst,WAD
WAINFLEET,Wainfleet,WFL
WAKEFIELD KIRKGATE,Wakefield Kirkgate,WKK
WAKEFIELD WESTGATE,Wakefield Westgate,WKF
WALKDEN,Walkden,WKD
WALLASEY GROVE ROAD,Wallasey Grove Road,WLG
WALLASEY VILLAGE,Wallasey Village,WLV
WALLINGTON,Wallington,WLT
WALLYFORD,Wallyford,WAF
WALMER,Walmer,WAM
WALSALL,Walsall,WSL
WALSDEN,Walsden,WDN
WALTHAM CROSS,Waltham Cross,WLC
WALTHAMSTOW CENTRAL,Walthamstow Central,WHC
WALTHAMSTOW QUEEN'S ROAD,Walthamstow Queen's Road,WMW
WALTON (MERSEYSIDE),Walton (Merseyside),WAO
WALTON-ON-THAMES,Walton-on-Thames,WAL
WALTON-ON-THE-NAZE,Walton-on-the-Naze,WON
WANBOROUGH,Wanborough,WAN
WANDSWORTH COMMON,Wandsworth Common,WSW
WANDSWORTH ROAD,Wandsworth Road,WWR
WANDSWORTH TOWN,Wandsworth Town,WNT
WANSTEAD PARK,Wanstead Park,WNP
WAPPING,Wapping,WPE
WARBLINGTON,Warblington,WBL
WARE (HERTS),Ware (Herts),WAR
WAREHAM (DORSET),Wareham (Dorset),WRM
WARGRAVE,Wargrave,WGV
WARMINSTER,Warminster,WMN
WARNHAM,Warnham,WNH
WARRINGTON BANK QUAY,Warrington Bank Quay,WBQ
WARRINGTON CENTRAL,Warrington Central,WAC
WARRINGTON WEST,Warrington West,WAW
WARWICK,Warwick,WRW
WARWICK PARKWAY,Warwick Parkway,WRP
WATER ORTON,Water Orton,WTO
WATERBEACH,Waterbeach,WBC
WATERINGBURY,Wateringbury,WTR
WATERLOO (MERSEYSIDE),Waterloo (Merseyside),WLO
WATFORD HIGH STREET,Watford High Street,WFH
WATFORD JUNCTION,Watford Junction,WFJ
WATFORD NORTH,Watford North,WFN
WATLINGTON,Watlington,WTG
WATTON-AT-STONE,Watton-at-Stone,WAS
WAUN-GRON PARK,Waun-Gron Park,WNG
WAVERTREE TECHNOLOGY PARK,Wavertree Technology Park,WAV
WEDGWOOD,Wedgwood,WED
WEELEY,Weeley,WEE
WEETON,Weeton,WET
WELHAM GREEN,Welham Green,WMG
WELLING,Welling,WLI
WELLINGBOROUGH,Wellingborough,WEL
WELLINGTON (SHROPSHIRE),Wellington (Shropshire),WLN
WELSHPOOL,Welshpool,WLP
WELWYN GARDEN CITY,Welwyn Garden City,WGC
WELWYN NORTH,Welwyn North,WLW
WEM,Wem,WEM
WEMBLEY CENTRAL,Wembley Central,WMB
WEMBLEY STADIUM,Wembley Stadium,WCX
WEMYSS BAY,Wemyss Bay,WMS
WENDOVER,Wendover,WND
WENNINGTON,Wennington,WNN
WEST ALLERTON,West Allerton,WSA
WEST BROMPTON,West Brompton,WBP
WEST BYFLEET,West Byfleet,WBY
WEST CALDER,West Calder,WCL
WEST CROYDON,West Croydon,WCY
WEST DRAYTON,West Drayton,WDT
WEST DULWICH,West Dulwich,WDU
WEST EALING,West Ealing,WEA
WEST HAM,West Ham,WEH
WEST HAMPSTEAD,West Hampstead,WHD
WEST HAMPSTEAD THAMESLINK,West Hampstead Thameslink,WHP
WEST HORNDON,West Horndon,WHR
WEST KILBRIDE,West Kilbride,WKB
WEST KIRBY,West Kirby,WKI
WEST MALLING,West Malling,WMA
WEST NORWOOD,West Norwood,WNW
WEST RUISLIP,West Ruislip,WRU
WEST RUNTON,West Runton,WRN
WEST ST LEONARDS,West St Leonards,WLD
WEST SUTTON,West Sutton,WSU
WEST WICKHAM,West Wickham,WWI
WEST WORTHING,West Worthing,WWO
WESTBURY (WILTS),Westbury (Wilts),WSB
WESTCLIFF,Westcliff,WCF
WESTCOMBE PARK,Westcombe Park,WCB
WESTENHANGER,Westenhanger,WHA
WESTER HAILES,Wester Hailes,WTA
WESTERFIELD,Westerfield,WFI
WESTERTON,Westerton,WES
WESTGATE-ON-SEA,Westgate-on-Sea,WGA
WESTHOUGHTON,Westhoughton,WHG
WESTON MILTON,Weston Milton,WNM
WESTON-SUPER-MARE,Weston-super-Mare,WSM
WETHERAL,Wetheral,WRL
WEYBRIDGE,Weybridge,WYB
WEYMOUTH,Weymouth,WEY
WHALEY BRIDGE,Whaley Bridge,WBR
WHALLEY (LANCS),Whalley (Lancs),WHE
WHATSTANDWELL,Whatstandwell,WTS
WHIFFLET,Whifflet,WFF
WHIMPLE,Whimple,WHM
WHINHILL,Whinhill,WNL
WHISTON,Whiston,WHN
WHITBY,Whitby,WTB
WHITCHURCH (CARDIFF),Whitchurch (Cardiff),WHT
WHITCHURCH (HANTS),Whitchurch (Hants),WCH
WHITCHURCH (SHROPSHIRE),Whitchurch (Shropshire),WTC
WHITE HART LANE,White Hart Lane,WHL
WHITE NOTLEY,White Notley,WNY
WHITECHAPEL,Whitechapel,ZLW
WHITECRAIGS,Whitecraigs,WCR
WHITEHAVEN,Whitehaven,WTH
WHITLAND,Whitland,WTL
WHITLEY BRIDGE,Whitley Bridge,WBD
WHITLOCKS END,Whitlocks End,WTE
WHITSTABLE,Whitstable,WHI
WHITTLESEA,Whittlesea,WLE
WHITTLESFORD PARKWAY,Whittlesford Parkway,WLF
WHITTON (LONDON),Whitton (London),WTN
WHITWELL (DERBYSHIRE),Whitwell (Derbyshire),WWL
WHYTELEAFE,Whyteleafe,WHY
WHYTELEAFE SOUTH,Whyteleafe South,WHS
WICK,Wick,WCK
WICKFORD,Wickford,WIC
WICKHAM MARKET,Wickham Market,WCM
WIDDRINGTON,Widdrington,WDD
WIDNES,Widnes,WID
WIDNEY MANOR,Widney Manor,WMR
WIGAN NORTH WESTERN,Wigan North Western,WGN
WIGAN WALLGATE,Wigan Wallgate,WGW
WIGTON,Wigton,WGT
WILDMILL,Wildmill,WMI
WILLESDEN JUNCTION,Willesden Junction,WIJ
WILLIAMWOOD,Williamwood,WLM
WILLINGTON,Willington,WIL
WILMCOTE,Wilmcote,WMC
WILMSLOW,Wilmslow,WML
WILNECOTE (STAFFS),Wilnecote (Staffs),WNE
WIMBLEDON,Wimbledon,WIM
WIMBLEDON CHASE,Wimbledon Chase,WBO
WINCHELSEA,Winchelsea,WSE
WINCHESTER,Winchester,WIN
WINCHFIELD,Winchfield,WNF
WINCHMORE HILL,Winchmore Hill,WIH
WINDERMERE,Windermere,WDM
WINDSOR & ETON CENTRAL,Windsor & Eton Central,WNC
WINDSOR & ETON RIVERSIDE,Windsor & Eton Riverside,WNR
WINNERSH,Winnersh,WNS
WINNERSH TRIANGLE,Winnersh Triangle,WTI
WINSFORD,Winsford,WSF
WISHAW,Wishaw,WSH
WITHAM,Witham,WTM
WITLEY,Witley,WTY
WITTON (WEST MIDLANDS),Witton (West Midlands),WTT
WIVELSFIELD,Wivelsfield,WVF
WIVENHOE,Wivenhoe,WIV
WOBURN SANDS,Woburn Sands,WOB
WOKING,Woking,WOK
WOKINGHAM,Wokingham,WKM
WOLDINGHAM,Woldingham,WOH
WOLVERHAMPTON,Wolverhampton,WVH
WOLVERTON,Wolverton,WOL
WOMBWELL,Wombwell,WOM
WOOD END,Wood End,WDE
WOOD STREET,Wood Street,WST
WOODBRIDGE,Woodbridge,WDB
WOODGRANGE PARK,Woodgrange Park,WGR
WOODHALL,Woodhall,WDL
WOODHOUSE,Woodhouse,WDH
WOODLESFORD,Woodlesford,WDS
WOODLEY,Woodley,WLY
WOODMANSTERNE,Woodmansterne,WME
WOODSMOOR,Woodsmoor,WSR
WOOL,Wool,WOO
WOOLSTON,Woolston,WLS
WOOLWICH ARSENAL,Woolwich Arsenal,WWA
WOOLWICH DOCKYARD,Woolwich Dockyard,WWD
WOOTTON WAWEN,Wootton Wawen,WWW
WORCESTER FOREGATE STREET,Worcester Foregate Street,WOF
WORCESTER PARK,Worcester Park,WCP
WORCESTER SHRUB HILL,Worcester Shrub Hill,WOS
WORCESTERSHIRE PARKWAY,Worcestershire Parkway,WOP
WORKINGTON,Workington,WKG
WORKSOP,Worksop,WRK
WORLE,Worle,WOR
WORPLESDON,Worplesdon,WPL
WORSTEAD,Worstead,WRT
WORTHING,Worthing,WRH
WRABNESS,Wrabness,WRB
WRAYSBURY,Wraysbury,WRY
WRENBURY,Wrenbury,WRE
WRESSLE,Wressle,WRS
WREXHAM CENTRAL,Wrexham Central,WXC
WREXHAM GENERAL,Wrexham General,WRX
WYE,Wye,WYE
WYLAM,Wylam,WYM
WYLDE GREEN,Wylde Green,WYL
WYMONDHAM,Wymondham,WMD
WYTHALL,Wythall,WYT
YALDING,Yalding,YAL
YARDLEY WOOD,Yardley Wood,YRD
YARM,Yarm,YRM
YATE,Yate,YAE
YATTON,Yatton,YAT
YEOFORD,Yeoford,YEO
YEOVIL JUNCTION,Yeovil Junction,YVJ
YEOVIL PEN MILL,Yeovil Pen Mill,YVP
YETMINSTER,Yetminster,YET
YNYSWEN,Ynyswen,YNW
YOKER,Yoker,YOK
YORK,York,YRK
YORTON,Yorton,YRT
YSTRAD MYNACH,Ystrad Mynach,YSM
YSTRAD RHONDDA,Ystrad Rhondda,YSR
